course_name,course_difficulty,study_goal_type,energy_level,time_of_day,study_hours,break_time,sleep_hours,focus_score,previous_score,distraction_level,day_of_week,target
Physics,high,Concept Learning,Low,Afternoon,1.8500288447967448,0.5276415781073263,6.296722351677537,,53.72529240058188,high,Friday,Pomodoro
Algorithms,medium,Exam Preparation,High,Afternoon,4.914625136946411,0.8153637432661175,8.482867823735038,5.71077198169017,67.90897012896274,medium,Sunday,Spaced Repetition
Operating Systems,medium,Revision,High,Afternoon,2.617663030156852,1.1267705194172217,7.572002951366297,,73.3143305562008,medium,Saturday,Spaced Repetition
Cloud Computing,high,Concept Learning,Low,Morning,3.590554421838871,1.8844403476977272,6.3971003669564395,3.923347912356294,72.14591537287555,high,Wednesday,Pomodoro
Artificial Intelligence,high,Revision,Medium,Morning,3.3658448940172194,1.275903584662414,6.320596993866472,2.589810106825136,51.486746376325904,high,Tuesday,Pomodoro
Data Structures,low,Exam Preparation,High,Night,5.1939528337566205,0.41833386410228013,8.252819395089954,7.304118692659477,78.33558328269137,low,Tuesday,Deep Work
Mathematics,high,Concept Learning,Low,Night,3.084354799119114,1.8207017585228866,6.87306214440138,3.182534743350856,43.69229909405947,high,Thursday,Pomodoro
Data Structures,low,Revision,High,Afternoon,4.966264433867318,1.0466772648973117,9.711196818991898,6.661979766509393,81.03677657468926,medium,Sunday,Spaced Repetition
Physics,medium,Revision,Low,Night,1.4965399522839213,0.5508187403698925,5.9344195133982724,5.121982830184351,49.71555104202963,high,Tuesday,Pomodoro
Algorithms,medium,Exam Preparation,High,Afternoon,5.664788078349725,0.28161604210563174,8.890080961338114,7.030853487807076,91.48149919726433,low,Sunday,Deep Work
Algorithms,high,Exam Preparation,Low,Night,1.2275899843259919,0.6933195828659738,5.384137516873317,2.6076107740491774,44.85895104272935,high,Thursday,Pomodoro
Chemistry,high,Concept Learning,Low,Afternoon,2.4398165041513704,1.4000308221789557,5.87498773612791,4.779927544506171,70.10428390162215,medium,Wednesday,Pomodoro
General,medium,Revision,Medium,Afternoon,3.269907411354804,0.888032496046862,5.579398593761879,2.3363928978719386,51.42517517761525,high,Tuesday,Pomodoro
Software Engineering,medium,Revision,Medium,Morning,4.904245304249898,1.4177726524944396,9.770868025607523,6.813722330774727,80.83286196009342,low,Saturday,Spaced Repetition
Operating Systems,high,Concept Learning,High,Morning,9.143149942357532,0.82042682025902,7.321720584036922,7.397213840489364,81.46756755932375,low,Friday,Deep Work
DBMS,high,Exam Preparation,High,Morning,6.858900302669756,0.9961229496394411,6.178414706601842,7.009503545742105,89.20594934678871,low,Wednesday,Deep Work
Data Structures,high,Concept Learning,Low,Afternoon,1.2816198702438752,0.7742989956609609,7.803841992019129,4.5530823753734015,58.08436900992983,high,Friday,Pomodoro
DBMS,medium,Concept Learning,High,Night,8.461563497059359,0.5062660594952028,7.902312094128994,7.21279664840132,77.63174742525541,low,Thursday,Deep Work
Mathematics,high,Concept Learning,Low,Night,2.288970438216805,1.8090953757269028,7.5258007003754255,2.7444056713851093,68.09251584284986,high,Friday,Pomodoro
DBMS,medium,Revision,Low,Morning,3.6054039276937386,1.2311467973742705,7.683656680682274,5.199421023789261,54.88247265642317,high,Monday,Pomodoro
Physics,high,Revision,Low,Afternoon,1.5990213464750793,1.2713516576204174,6.777243706586127,2.185801650879991,61.26406981655035,high,Tuesday,Pomodoro
Software Engineering,low,Revision,High,Afternoon,4.117069792574361,1.0843959215894574,9.492153925690477,6.0228996903874545,89.1639884912176,medium,Friday,Spaced Repetition
Cyber Security,medium,Revision,Medium,Morning,2.5341369326429977,0.886696449987462,9.552856061800869,7.908472698218534,78.61778409265388,medium,Saturday,Spaced Repetition
Artificial Intelligence,medium,Revision,Medium,Afternoon,4.131388529133039,0.9713217941050684,9.952744061283774,7.221134890823059,68.54018079858125,medium,Saturday,Spaced Repetition
Cyber Security,medium,Concept Learning,High,Morning,5.850809688936904,0.5730422006190157,6.975633588828634,7.117808242724957,78.15995816033069,low,Monday,Deep Work
Algorithms,medium,Revision,Medium,Night,4.564344414328637,0.8116529166546489,8.813295661126803,5.1981659234664805,94.1770470694921,low,Friday,Spaced Repetition
Data Structures,high,Concept Learning,Low,Morning,1.3824659869959472,1.095930935840551,7.391886097338661,2.599669709395095,48.02379883314245,medium,Tuesday,Pomodoro
Artificial Intelligence,medium,Revision,Low,Morning,3.5143458689443308,1.9169213292110348,7.049744084868937,3.9886990560337092,61.62465340704249,medium,Monday,Pomodoro
DBMS,medium,Revision,Medium,Night,5.428387758439664,1.3171070991667613,8.620866176311583,6.467716584283323,71.53246114502066,medium,Saturday,Spaced Repetition
DBMS,medium,Revision,High,Morning,2.9288987636053725,0.9053253606469533,8.172903927479073,5.595894841585608,88.50161659987515,medium,Friday,Spaced Repetition
Software Engineering,low,Revision,Medium,Night,3.5038848877165565,1.256310096980294,8.849154472257881,5.232450879666448,65.54087026876736,low,Sunday,Spaced Repetition
General,high,Revision,Low,Morning,3.280869469366405,0.7056645585934986,6.605930394357775,,40.424227112536265,high,Friday,Pomodoro
General,high,Concept Learning,Low,Afternoon,3.6009812800345706,1.1119767430472671,6.655167785778019,3.015554256173217,46.86395848927085,high,Monday,Pomodoro
Cyber Security,low,Exam Preparation,High,Night,9.889919943114688,0.5272651809152565,8.71926289174331,7.491643071341446,89.28456744400523,medium,Sunday,Deep Work
Mathematics,high,Exam Preparation,Low,Night,3.6164071000674296,1.3172716386267735,7.275275053607333,5.016430721264657,40.62809874989721,high,Thursday,Pomodoro
Chemistry,low,Revision,Medium,Morning,4.035576280279521,1.3614456860213242,9.665089187614392,5.0297320864734605,88.34138919449597,medium,Saturday,Spaced Repetition
Mathematics,high,Revision,Medium,Morning,2.593508584003096,1.9049085384424422,5.118030622005529,2.488439656040107,55.82696598992023,medium,Friday,Pomodoro
Mathematics,low,Revision,High,Morning,2.2228273444609807,0.6292238001027494,7.64435269866759,7.535036711467328,66.77150433374815,medium,Sunday,Spaced Repetition
Artificial Intelligence,low,Revision,High,Morning,4.730610420176796,0.7356228511916484,9.858935360087942,7.613754882195957,73.68322684904625,medium,Friday,Spaced Repetition
Software Engineering,high,Exam Preparation,Medium,Afternoon,8.683790304553343,0.5837727805141116,8.856665357092783,7.127266894620675,77.959784126664,low,Thursday,Deep Work
Physics,low,Concept Learning,High,Afternoon,4.635245909278776,0.35489768348655404,7.239517551623159,9.02746877531222,89.7447947289272,low,Sunday,Deep Work
Cyber Security,high,Concept Learning,Low,Night,2.3169142621169083,0.617684572013399,5.076052230246373,5.8505936587117,69.25930421792721,high,Friday,Pomodoro
Data Structures,medium,Exam Preparation,Medium,Afternoon,4.460258519431245,0.6756720999559107,8.782974729274574,7.146143051535965,94.19782649091475,medium,Saturday,Spaced Repetition
Data Structures,medium,Revision,High,Afternoon,5.617811246249976,0.5007477083705311,8.985340978693879,7.1579018270753405,83.5624094737282,low,Sunday,Spaced Repetition
DBMS,high,Concept Learning,Low,Afternoon,3.088089390024919,1.3550917551340476,5.291529481312305,4.460028906796679,74.65188475364921,high,Wednesday,Pomodoro
Operating Systems,high,Exam Preparation,Low,Morning,3.799339994030673,1.4638477993027874,6.263744159882216,4.544709458832931,67.49780663280812,high,Thursday,Pomodoro
Web Development,medium,Exam Preparation,High,Night,3.356881193567135,1.0445954487107494,7.602670431976014,7.234475226589739,78.37866635276305,low,Sunday,Spaced Repetition
DBMS,high,Concept Learning,Low,Morning,3.6847643236835195,1.7901902246268857,6.3722962933211225,,49.55357811997102,high,Wednesday,Pomodoro
Software Engineering,high,Exam Preparation,Low,Night,3.6898307889220625,1.36399762670849,7.752186839256595,2.0212000255904217,74.12735070308,high,Wednesday,Pomodoro
Algorithms,medium,Revision,Medium,Night,3.138401529218724,1.0172094276935293,9.620453745699868,,73.7013208453396,medium,Sunday,Spaced Repetition
Chemistry,high,Exam Preparation,Medium,Morning,9.05627141296333,0.31334791758514313,8.366797415328023,9.675616434432204,83.01452258729589,medium,Thursday,Deep Work
Software Engineering,low,Concept Learning,Medium,Afternoon,8.624683709583278,0.0028812516656145926,8.576870056261889,7.558069000016997,86.56208093960134,low,Tuesday,Deep Work
Physics,medium,Concept Learning,Low,Night,2.765662686919736,1.9734957726201223,7.652596934394509,4.403193785768792,71.63033885113447,medium,Thursday,Pomodoro
Physics,low,Revision,Medium,Afternoon,3.366995369303709,0.683423643497956,7.517101870370909,6.401053599565225,85.56955247795598,medium,Sunday,Spaced Repetition
Machine Learning,low,Revision,High,Afternoon,3.1443596881250424,1.2227686760107956,9.863267600629092,7.75123033840944,82.50278645432273,low,Friday,Spaced Repetition
Artificial Intelligence,high,Concept Learning,High,Afternoon,5.960768235146665,0.010811083635196339,8.479653222574392,9.402942101210094,73.13363554300454,low,Sunday,Deep Work
General,high,Concept Learning,High,Morning,7.128674134261537,0.06364090928664234,8.49412054315713,8.796935524531632,73.447989911787,low,Friday,Deep Work
Algorithms,high,Revision,Low,Morning,2.842243933554208,1.7893478474704185,6.1771811645854235,5.824888762595793,44.660075146233396,high,Monday,Pomodoro
Algorithms,high,Exam Preparation,Medium,Morning,3.9800108120758857,1.6286416439233589,5.271445085861152,3.1547423821225524,43.818837111801244,high,Thursday,Pomodoro
Physics,medium,Concept Learning,Low,Night,2.928023973017271,0.7937612188803783,7.690873791270603,4.080762093006218,55.666102911207595,high,Tuesday,Pomodoro
Machine Learning,high,Revision,Medium,Morning,3.6096890861863846,1.2782570856891082,6.7738263072347875,3.596010815480521,41.9166573587711,high,Thursday,Pomodoro
Physics,medium,Concept Learning,Low,Night,2.2044829475838648,1.7001064530487393,5.612106903886697,4.220339797209145,65.65749536103861,high,Wednesday,Pomodoro
General,high,Concept Learning,High,Night,8.100722664445053,0.37544110966791266,8.400220296230604,9.653749878763563,73.75661678550495,low,Friday,Deep Work
Cloud Computing,medium,Revision,Medium,Afternoon,3.363847894571954,1.497672263264659,8.158878698741944,5.837391412322809,92.92016766687195,low,Friday,Spaced Repetition
Data Structures,low,Revision,Medium,Morning,2.133694289742015,1.079792843832955,7.916258867623788,7.136660615531476,70.27670850255986,medium,Sunday,Spaced Repetition
General,high,Exam Preparation,Low,Afternoon,3.8194963708404255,1.441562079607127,6.004716843971258,2.557088290653549,67.79088162446035,high,Thursday,Pomodoro
Cyber Security,medium,Exam Preparation,Medium,Afternoon,2.8528157255565403,1.2817289890047594,8.00938871462486,5.781984964498809,67.77585663100157,medium,Friday,Spaced Repetition
Cyber Security,medium,Exam Preparation,Medium,Afternoon,2.6821521955929035,0.9473505490056257,8.026149180441335,7.06874919659969,91.31929208579106,medium,Sunday,Spaced Repetition
Algorithms,high,Concept Learning,Low,Afternoon,3.296068843198722,0.6544722189969733,6.003088433931446,,66.36361772616078,high,Wednesday,Pomodoro
Cyber Security,medium,Concept Learning,High,Night,7.957064611844621,0.7962414505413685,6.815838118255346,9.077076767383174,77.92185954081157,medium,Saturday,Deep Work
Physics,high,Concept Learning,Medium,Afternoon,5.6056047931702455,0.3356738330390596,8.248171358403477,8.715736611551803,99.58740015854204,low,Monday,Deep Work
Cloud Computing,high,Concept Learning,Low,Night,1.4958008171890076,0.523454610111791,6.270204442119109,,50.27208611513133,high,Wednesday,Pomodoro
DBMS,medium,Revision,Medium,Afternoon,4.07844670321203,1.4965263087986191,7.838043284282136,7.0263681360092765,76.88002899156845,medium,Saturday,Spaced Repetition
Cyber Security,low,Concept Learning,Medium,Afternoon,5.651435086222049,0.7094388646339748,6.814476007628134,9.712729874222696,81.2416591152213,low,Thursday,Deep Work
Web Development,low,Revision,Medium,Morning,2.090258046821389,1.3616648846991009,8.942792705969767,7.671975366385527,82.90835670239518,low,Friday,Spaced Repetition
Mathematics,low,Revision,Medium,Night,3.3911296121955488,0.5216455613469836,7.72944401617794,7.042859874210729,91.37973390087681,low,Saturday,Spaced Repetition
Mathematics,medium,Concept Learning,High,Night,8.826967854590933,0.7728095732903374,7.645257488980688,7.199389977328816,92.99545148597754,low,Friday,Deep Work
Operating Systems,high,Concept Learning,Medium,Morning,8.338896918787777,0.2803344607915209,8.062219092408712,7.073495344802957,79.18412022638779,low,Saturday,Deep Work
Mathematics,medium,Exam Preparation,High,Afternoon,2.695843550784902,0.5461964832016288,8.948991818531685,7.737815080649331,70.32054084979228,medium,Friday,Spaced Repetition
Chemistry,low,Revision,High,Night,5.453919579651252,0.8088022753496154,8.23383698114665,5.797993079277974,74.98342606882386,low,Friday,Spaced Repetition
Data Structures,high,Concept Learning,Medium,Night,5.231997632240799,0.48303969755889,6.805601268202822,7.86238499469175,89.70268190423671,medium,Wednesday,Deep Work
Cyber Security,low,Exam Preparation,High,Night,3.044649730043441,1.1949531193430478,8.918477360390183,7.3887308283691615,87.0507555856947,medium,Saturday,Spaced Repetition
Cloud Computing,low,Exam Preparation,Medium,Night,4.662602002503839,0.9934799980728777,9.807934971548162,5.0475555266956285,86.89770557857463,low,Saturday,Spaced Repetition
DBMS,medium,Concept Learning,Medium,Night,8.94174166449384,0.3846110759787682,7.3773720698600425,7.909857672547849,97.97664635257937,low,Saturday,Deep Work
Mathematics,high,Exam Preparation,Low,Afternoon,1.7553971767208583,1.0185439902558793,5.544793150404277,5.633802245334513,60.41871281681422,high,Tuesday,Pomodoro
DBMS,high,Concept Learning,Low,Morning,2.6611091570374024,0.8190918425363434,7.838583628645071,5.12518420188481,43.97126107061068,medium,Tuesday,Pomodoro
Operating Systems,high,Revision,Low,Night,1.4852926340563288,1.6794139351356416,6.7237621469533,4.266301448685674,53.686496707036106,high,Monday,Pomodoro
Operating Systems,medium,Exam Preparation,High,Morning,4.726150002911158,0.4189477901874754,8.253534143425254,7.2130229935997665,72.4054004224571,low,Sunday,Deep Work
Mathematics,medium,Concept Learning,High,Night,6.757904917957434,0.43098390192082203,6.913477598246852,7.594286550160868,71.97076349468978,medium,Friday,Deep Work
Cloud Computing,high,Exam Preparation,High,Morning,4.150851749663636,0.6944504561307088,6.246621191135345,9.73202973830542,83.93299708676628,low,Wednesday,Deep Work
Artificial Intelligence,high,Concept Learning,High,Afternoon,5.3244729307166905,0.7340297625893063,8.287789184082525,9.787772194021688,70.9164837128014,medium,Tuesday,Deep Work
Operating Systems,low,Revision,High,Afternoon,4.7047829854261565,1.3586001069824982,9.906831459652848,6.885041352648333,70.5230397008287,medium,Saturday,Spaced Repetition
Cloud Computing,medium,Revision,Low,Morning,1.634344020989634,0.991246028266872,5.359286395457754,5.56210912295958,60.7757358743917,high,Wednesday,Pomodoro
General,high,Exam Preparation,High,Afternoon,6.241121061398125,0.27149875418186786,6.69535077086805,7.955826888290821,97.1067533029759,low,Friday,Deep Work
Data Structures,medium,Concept Learning,High,Morning,9.694427177889064,0.9623102029877842,7.862725770653125,9.78598086104465,92.82563033543487,low,Saturday,Deep Work
Data Structures,low,Concept Learning,High,Morning,8.3107236839353,0.862640471149179,6.53776683572337,9.400010445291045,86.58121227155635,low,Wednesday,Deep Work
Machine Learning,low,Concept Learning,High,Morning,8.571410875629219,0.8336499619375856,7.321324050937272,7.906999748054481,77.78004691951284,low,Monday,Deep Work
Physics,high,Revision,Low,Afternoon,1.3662638641020202,1.0344467571154623,7.720485324637262,3.0885289975385413,62.66915421894768,high,Friday,Pomodoro
Software Engineering,low,Exam Preparation,High,Night,4.420358074162154,0.7204876394147492,9.064126973568191,6.714822948448831,70.54515193841075,medium,Friday,Spaced Repetition
Machine Learning,high,Concept Learning,Low,Afternoon,3.4159449020737154,1.9830931729331642,6.809592206530938,5.2274005958503444,73.69272614942062,medium,Friday,Pomodoro
Data Structures,high,Exam Preparation,Low,Morning,3.511236972109088,1.1557900945358652,7.746541031875742,4.8861314444876225,61.36416334527851,medium,Friday,Pomodoro
General,medium,Concept Learning,Medium,Afternoon,8.00682809935844,0.5932215701073843,8.676907494418957,7.555990538586143,72.36907486572485,low,Monday,Deep Work
Physics,low,Exam Preparation,Medium,Afternoon,4.353462756870627,0.7126642865113428,7.742545545592724,5.192715727571378,82.78088199928634,medium,Saturday,Spaced Repetition
Data Structures,low,Concept Learning,High,Morning,8.291118728681447,0.28191904290472913,7.0914289234228,7.572177962772684,80.41187105498184,low,Thursday,Deep Work
Machine Learning,high,Concept Learning,Medium,Morning,2.671916106670144,1.7909480268361009,6.605209156800976,2.7378514856754244,50.485856911826694,high,Wednesday,Pomodoro
General,medium,Exam Preparation,Medium,Night,2.882604238486994,0.6381252931402472,9.647779394117292,6.50017477757326,85.24679609162465,medium,Friday,Spaced Repetition
Algorithms,high,Exam Preparation,Low,Afternoon,2.4375456328891927,0.5384630987096535,6.023743482878469,3.5207824751434282,53.958797331391516,high,Thursday,Pomodoro
Mathematics,medium,Exam Preparation,High,Night,5.89929799160722,0.8164107849650307,7.504546384439202,7.212674727673856,79.3858948256539,medium,Tuesday,Deep Work
Data Structures,low,Concept Learning,High,Morning,9.702755023451775,0.5816222929891935,7.309842569306298,8.740266504008364,85.50095155678804,low,Wednesday,Deep Work
DBMS,medium,Revision,High,Morning,5.809661223986574,1.3835647283701904,8.176549986733992,5.582488607138247,79.23304680862205,low,Saturday,Spaced Repetition
DBMS,high,Concept Learning,Low,Afternoon,2.6223812649566334,1.5653641979349673,5.943050339551245,3.8846715957312585,68.7572914198665,high,Friday,Pomodoro
Algorithms,low,Exam Preparation,Medium,Night,5.5498757608515294,1.1254334501665935,9.520670528040696,5.207110810734124,75.04367125672037,medium,Sunday,Spaced Repetition
Web Development,low,Revision,Medium,Night,5.202144420506991,1.3456420916244214,9.088162468397702,5.124679544816775,71.20393028132432,low,Saturday,Spaced Repetition
Chemistry,low,Revision,Medium,Afternoon,5.67017957838538,1.2645682637594304,7.6976900524416205,6.342508669098525,68.05675261914658,low,Saturday,Spaced Repetition
Operating Systems,high,Concept Learning,Medium,Morning,7.3925198056464545,0.4422522765195591,8.391633217736288,9.172697642835848,90.71217165733216,low,Sunday,Deep Work
Web Development,high,Concept Learning,High,Morning,8.202590794939024,0.7704472210739898,7.011908509402459,9.824730558201802,85.89141898325103,low,Monday,Deep Work
Web Development,medium,Concept Learning,High,Night,9.63336976024765,0.8939852050469608,7.012440977024695,9.18839130949499,87.19669583348775,low,Thursday,Deep Work
Cloud Computing,high,Revision,Low,Night,3.0854336621427816,1.1064781521564382,6.284598844776845,4.870391062632705,64.23526529635294,medium,Thursday,Pomodoro
Cloud Computing,low,Revision,Medium,Afternoon,3.9052894088276173,1.1697544512182478,8.50593262680617,5.894020571581266,83.76434181273984,medium,Sunday,Spaced Repetition
DBMS,medium,Revision,High,Night,5.501954601583586,0.8024663174614697,9.646745303111434,7.571692812109373,87.9395285115462,low,Friday,Spaced Repetition
Chemistry,high,Revision,Low,Morning,3.381231551141549,1.4699088701342902,5.524320328482132,3.4430900764423993,71.70618866757161,medium,Monday,Pomodoro
Cloud Computing,medium,Revision,Low,Morning,1.6051576070061886,1.843645393510279,6.426110669546335,4.253102287905534,64.34306302491447,high,Friday,Pomodoro
Physics,low,Exam Preparation,High,Morning,5.905327479217011,0.25938840074319625,6.262773892217839,7.269748734579107,75.79748245702504,low,Sunday,Deep Work
Software Engineering,low,Revision,High,Afternoon,4.384570598199588,1.2395811772217427,8.027424726549876,7.524866022628322,65.91061416599013,medium,Sunday,Spaced Repetition
Web Development,high,Exam Preparation,Medium,Morning,1.1567736378580713,1.1281899786112422,5.780473372886154,4.923283859922919,74.34539816740363,high,Wednesday,Pomodoro
Physics,medium,Revision,Low,Morning,2.8166144729346483,1.0350980795600024,6.600535775899087,5.127161319380118,64.68849579392713,high,Thursday,Pomodoro
Cloud Computing,low,Revision,High,Morning,3.209582961215689,0.5508025896889422,8.670751478640963,7.559384515730709,93.00741368020068,medium,Sunday,Spaced Repetition
Cloud Computing,low,Exam Preparation,Medium,Morning,4.422951673858868,0.18564670490124302,7.992658154966905,9.645071835530524,94.42377056773486,low,Wednesday,Deep Work
Operating Systems,medium,Revision,Medium,Night,2.6434411739403916,1.2003478888665695,9.397170336044875,5.3173895608183965,80.18419558083933,low,Saturday,Spaced Repetition
Chemistry,low,Revision,High,Morning,2.557016283138816,0.510715297695359,8.860643342538127,7.927336455646798,76.07408581427613,medium,Sunday,Spaced Repetition
General,high,Revision,Low,Night,3.207713839588007,1.7721921432003254,5.368330668988126,5.505776303501175,62.50239472649886,medium,Monday,Pomodoro
General,medium,Exam Preparation,High,Night,4.8907342978979464,0.8192252977861885,9.76477917808662,5.379911376555123,70.35559367817797,medium,Saturday,Spaced Repetition
Algorithms,high,Concept Learning,Low,Afternoon,3.5441433733923158,1.7599459704232738,7.4980414080411295,2.044126457049863,66.23409195641109,medium,Thursday,Pomodoro
Software Engineering,high,Revision,Medium,Morning,3.526099883129264,1.2814369659080633,6.870757064008279,,66.43446471738828,high,Thursday,Pomodoro
Cyber Security,low,Exam Preparation,High,Afternoon,2.432115829966317,0.732636638386775,9.375651985218289,5.823520020521235,83.7399192285115,medium,Friday,Spaced Repetition
Software Engineering,high,Concept Learning,Medium,Afternoon,1.5065626200330584,1.2605766557981615,6.794337888107054,2.133534407145525,52.72925936646491,medium,Wednesday,Pomodoro
Web Development,high,Exam Preparation,Low,Night,2.8201451391485675,1.136196006953579,7.209332706874168,5.737468059076059,72.39489795173716,high,Friday,Pomodoro
Cloud Computing,high,Concept Learning,Low,Night,2.794858174804464,1.1895222691416967,5.2278002311088665,2.3110613763158283,40.08187867190224,medium,Tuesday,Pomodoro
Algorithms,low,Exam Preparation,High,Afternoon,6.565608002220024,0.4425455148147456,7.9479669737306455,9.80884186440678,71.92019039825863,medium,Saturday,Deep Work
Chemistry,high,Concept Learning,Low,Afternoon,3.4753980300783915,0.7796074801822162,5.707075238194999,4.535034254880709,71.77531456618806,high,Tuesday,Pomodoro
Data Structures,medium,Concept Learning,Low,Afternoon,2.196473327333659,1.7246478098290758,7.395035374953654,2.602870175861718,57.786957185925154,high,Wednesday,Pomodoro
Physics,low,Exam Preparation,High,Afternoon,8.024393871435004,0.56044063098044,6.332968407640443,8.341166631419277,83.81074813605778,medium,Saturday,Deep Work
Operating Systems,high,Concept Learning,Medium,Morning,2.102603266874594,0.6022584640782404,5.077435720848461,2.540665156619291,73.70902890562108,high,Thursday,Pomodoro
Machine Learning,medium,Concept Learning,Low,Morning,2.2157442640830665,1.246197340969836,7.160607744896888,2.4263149205146974,44.90064885311571,high,Wednesday,Pomodoro
Machine Learning,medium,Revision,High,Night,2.534782617597745,1.4353944896677988,9.378558293828256,7.824003178360705,85.2985170065752,medium,Saturday,Spaced Repetition
General,high,Concept Learning,Low,Morning,1.6015741801010102,1.2373918201121552,5.192626811225402,4.327885607657596,49.41476915522842,medium,Wednesday,Pomodoro
Software Engineering,low,Concept Learning,High,Night,7.33714415578007,0.7795167014240635,6.048601192018402,9.455141274338605,71.204165772561,medium,Thursday,Deep Work
Software Engineering,medium,Revision,Medium,Night,2.4659113986933483,0.7542612314448646,8.238669811566899,6.589911023064262,85.3517565650904,medium,Friday,Spaced Repetition
Operating Systems,high,Revision,Medium,Morning,2.6181323452001877,1.5259456540972116,6.847553493169741,,73.04880589938085,medium,Wednesday,Pomodoro
Software Engineering,medium,Exam Preparation,Low,Morning,2.790550473839461,1.1687491292803867,5.299924747454009,3.8369955678634686,51.679801389865766,high,Wednesday,Pomodoro
Cyber Security,medium,Revision,Medium,Afternoon,4.939037155397514,0.8215330088383408,7.586626774535043,5.381674660811032,92.4408368101117,low,Sunday,Spaced Repetition
Cloud Computing,medium,Revision,Medium,Morning,5.470808391676956,1.2076205857405353,7.76553456897114,7.327631763409079,89.23871984327057,medium,Sunday,Spaced Repetition
Physics,medium,Exam Preparation,High,Afternoon,9.373377088791033,0.9091752640535857,6.941634229545082,9.073167438217785,78.14899543823108,low,Saturday,Deep Work
Machine Learning,high,Exam Preparation,Medium,Night,8.78975918325512,0.3262539180411468,6.8981501211160445,7.697517976623494,73.89036934672706,low,Monday,Deep Work
General,low,Revision,Medium,Morning,4.598224027027847,1.36799959189509,9.570464673308631,6.878164126942404,67.2583614995502,medium,Sunday,Spaced Repetition
Cloud Computing,high,Concept Learning,High,Afternoon,5.657017346925397,0.7069764874557162,6.188068864865597,9.518015477068007,70.1145976797575,low,Monday,Deep Work
Physics,high,Concept Learning,Low,Morning,2.497580139654257,1.3580062988137747,7.305662042918927,2.174415087017735,74.80926787790693,high,Friday,Pomodoro
Algorithms,low,Exam Preparation,High,Morning,2.2150892466479335,1.1693569842407483,8.078199820789889,5.730713377593895,74.18141498686315,medium,Friday,Spaced Repetition
Data Structures,high,Exam Preparation,Low,Afternoon,3.2830719728289965,1.4393304824471231,5.3937346330471625,2.1301047179650077,72.22967467354904,high,Monday,Pomodoro
Web Development,high,Concept Learning,Low,Night,2.719883134538202,1.7571604447674436,6.213144504647072,5.0836455082570815,54.771262084274056,high,Wednesday,Pomodoro
General,high,Concept Learning,High,Morning,5.320532061228319,0.5182761764476463,8.130344299011838,7.287187164233192,79.53084092641487,medium,Sunday,Deep Work
Cyber Security,low,Concept Learning,High,Afternoon,7.550182973837953,0.7026337730855163,6.712300405124418,8.537091332637372,73.12674408425043,low,Friday,Deep Work
Data Structures,high,Concept Learning,Medium,Night,1.5661213250241381,0.9183070288882729,7.101073489918313,5.386644568953224,69.97135021573324,high,Monday,Pomodoro
Cloud Computing,medium,Revision,High,Night,5.165639002027902,1.4157882394541272,8.399485233863249,5.920916846627055,70.85591493715647,low,Saturday,Spaced Repetition
Data Structures,medium,Exam Preparation,High,Night,9.993355672199744,0.32663924942591094,8.244551736146539,9.41999515908045,95.74069813021688,medium,Wednesday,Deep Work
Software Engineering,high,Concept Learning,Low,Afternoon,3.753257467514132,1.1367911377945428,5.2611168877629755,5.262994574017124,53.07283890634356,high,Wednesday,Pomodoro
Cyber Security,low,Concept Learning,High,Afternoon,9.634342575803123,0.006682129223887778,8.316903045496028,8.875614308591327,81.20664403143046,low,Monday,Deep Work
Mathematics,high,Concept Learning,High,Night,9.997263512314566,0.405751168615061,6.6614653040673195,9.287448653426658,86.27413010387968,low,Wednesday,Deep Work
Machine Learning,low,Exam Preparation,Medium,Morning,3.7961510414798467,0.9593036882130738,7.692422957520043,7.012295076329107,89.63778261118537,medium,Sunday,Spaced Repetition
Data Structures,medium,Concept Learning,High,Afternoon,8.834287154009306,0.328179482797612,6.627178121120538,7.254065025625921,84.00079362653226,low,Saturday,Deep Work
DBMS,medium,Concept Learning,High,Afternoon,5.195291649364319,0.8902150026361744,6.862228789396739,,71.7427585624105,low,Tuesday,Deep Work
Software Engineering,high,Concept Learning,High,Night,6.582248498144759,0.6957974776554449,7.374066635004777,7.276285759698707,86.60137048380122,low,Saturday,Deep Work
Mathematics,low,Exam Preparation,High,Afternoon,5.935625455588655,1.4097436867126838,9.629475846651355,5.157723193433009,68.13246108494354,low,Sunday,Spaced Repetition
Chemistry,low,Exam Preparation,High,Morning,5.866190066208329,1.1281195312435717,9.8266061908799,7.028315077443056,74.21716885543161,medium,Friday,Spaced Repetition
Data Structures,high,Concept Learning,Low,Morning,2.329819262330855,0.5717462305911583,5.114065544712365,4.984829029927354,63.066243697128826,medium,Wednesday,Pomodoro
General,high,Exam Preparation,Low,Morning,1.4412204427871138,1.8898814377422415,6.476348879238614,3.0329775531958334,56.06975146833915,medium,Friday,Pomodoro
Machine Learning,low,Exam Preparation,High,Night,4.326886109893907,1.2663472131046523,8.516041341435047,7.639513243824403,84.46048860072094,medium,Sunday,Spaced Repetition
Cyber Security,medium,Revision,Low,Morning,1.8321435489433981,0.782181739585642,6.391095214819947,3.4134089121042113,60.42796391478052,high,Monday,Pomodoro
Physics,high,Exam Preparation,Medium,Morning,3.3700406763755684,1.5358403486684609,6.563902002240708,2.3468208474487344,73.53597775513757,medium,Friday,Pomodoro
Cyber Security,low,Concept Learning,High,Night,7.806182133230123,0.22207587069332058,6.965009968978646,9.544126268804451,91.8658432680984,low,Friday,Deep Work
Cyber Security,high,Exam Preparation,Low,Night,3.6449113983110504,1.9419729322773611,6.396410026309951,5.516285920912527,40.18008097641502,medium,Friday,Pomodoro
General,low,Concept Learning,High,Afternoon,6.17305752879237,0.7231282738825542,6.6016807532189485,7.610735132639081,70.30271820067074,low,Wednesday,Deep Work
General,medium,Revision,Medium,Night,2.2237054005129027,0.6421813763873516,7.6320647347715065,6.877523584947127,66.6352783224116,low,Saturday,Spaced Repetition
Artificial Intelligence,medium,Exam Preparation,Medium,Morning,5.107193748834523,1.3475476330547362,7.954544132093347,6.291039597116601,69.96499323990967,low,Sunday,Spaced Repetition
Cloud Computing,low,Exam Preparation,High,Night,2.522869294359029,1.1717088592440608,9.323274501193016,6.725181720376444,71.20453679400188,medium,Saturday,Spaced Repetition
Data Structures,high,Concept Learning,High,Afternoon,7.61481898422073,0.5116385825190141,6.1830214290161845,7.863493896554818,72.7981434033451,medium,Wednesday,Deep Work
Machine Learning,medium,Concept Learning,High,Afternoon,4.180127992894431,0.44452825305015964,7.513857073823087,7.351840443401335,75.07185335319149,low,Wednesday,Deep Work
Chemistry,low,Revision,High,Morning,5.822597869065957,1.4536326078296895,8.380817635631349,,70.37284817984545,medium,Saturday,Spaced Repetition
General,high,Exam Preparation,High,Night,5.909824568154084,0.48903577530762,8.57866919075381,8.776904113186287,90.83961318430526,low,Thursday,Deep Work
Mathematics,low,Concept Learning,High,Morning,4.711015741588909,0.28888493890916567,7.193509876506471,9.75859307396815,99.79765046268892,low,Friday,Deep Work
Cloud Computing,low,Revision,High,Morning,4.072308660790244,1.2480160766994024,9.591327226902258,7.1130059478715415,92.85790644591916,low,Sunday,Spaced Repetition
Cloud Computing,low,Revision,High,Morning,4.055466102853087,1.2966448690151382,8.344953876174591,7.11647007401935,70.62513371356941,low,Sunday,Spaced Repetition
Cloud Computing,high,Exam Preparation,Low,Night,2.8723046325455126,1.3096715928719496,6.316234026165017,4.309945083624503,52.43768581364385,high,Tuesday,Pomodoro
Machine Learning,medium,Concept Learning,High,Morning,7.594723510241951,0.35346074054678245,7.375399273707774,7.113944689869561,92.37580115881036,low,Friday,Deep Work
Artificial Intelligence,medium,Revision,High,Night,3.659841744318722,1.2304924774822994,7.83838858743321,5.592917661773391,70.4155468517727,low,Sunday,Spaced Repetition
Operating Systems,low,Exam Preparation,High,Night,6.611945328731418,0.549309771480104,6.935952060979256,8.447501260706082,85.20017946948238,low,Thursday,Deep Work
Machine Learning,low,Revision,High,Night,4.275821933127403,1.2621745871816445,9.529516795877216,6.025547125751775,78.0108299396114,low,Friday,Spaced Repetition
Physics,medium,Exam Preparation,High,Afternoon,4.473636417679334,0.44279813654373745,6.783145578704544,8.030160106532932,95.03715370766884,medium,Tuesday,Deep Work
General,low,Revision,High,Afternoon,3.828238637063105,0.7902551053725294,8.904838133799158,5.335803734404368,83.28517673014949,medium,Sunday,Spaced Repetition
General,high,Revision,Low,Night,3.3178681823481475,0.8973431708551001,6.935869512577151,4.383002912755827,54.041576991364394,high,Monday,Pomodoro
Web Development,medium,Concept Learning,Low,Night,1.485017632440408,0.5312917089373071,6.9597890577119905,3.3292585014204357,58.98675225017786,high,Thursday,Pomodoro
Artificial Intelligence,medium,Revision,High,Afternoon,5.765896950024262,0.6744092671114995,8.679123726876488,5.2742659754514145,83.77045736784058,low,Saturday,Spaced Repetition
Artificial Intelligence,low,Revision,High,Afternoon,4.755242014359949,1.0519363610604664,8.104595488538383,6.277992558405284,94.03228474501147,low,Saturday,Spaced Repetition
Operating Systems,high,Revision,Low,Afternoon,3.728170576025189,1.6703195951451535,5.021087611440858,2.2291210043104934,47.88282957939714,high,Monday,Pomodoro
Machine Learning,high,Exam Preparation,High,Morning,9.904078979262785,0.2884054378187457,8.88340645622278,8.168445684707262,81.56535714210767,low,Thursday,Deep Work
Cyber Security,medium,Exam Preparation,High,Night,4.5058078876681025,0.807189318791188,8.583958877445273,9.451756934100464,85.38179182785328,low,Wednesday,Deep Work
Machine Learning,low,Concept Learning,Medium,Night,9.663893832179259,0.26896803159538596,7.4262198235502215,8.903019219133613,99.98398744646892,low,Saturday,Deep Work
Data Structures,low,Concept Learning,High,Night,9.745486090502904,0.3990353176424347,8.51940481999328,7.565621817247753,90.17381494075087,medium,Monday,Deep Work
Cloud Computing,low,Exam Preparation,High,Afternoon,5.294444075058725,0.6778132003100442,7.823256366758168,7.885904432715498,74.09802710953518,low,Tuesday,Deep Work
Software Engineering,medium,Revision,Medium,Night,4.7065785392793895,1.1360473423391266,8.504482837773562,6.7334839145343075,74.23622375823102,low,Sunday,Spaced Repetition
Algorithms,low,Exam Preparation,Medium,Night,3.035846420099901,1.3787465236769298,7.991668080975768,7.841899998260201,71.16864463098022,low,Saturday,Spaced Repetition
Operating Systems,medium,Revision,High,Morning,3.206347479494206,0.6883025249171064,8.259337615562748,,69.31603899029989,low,Sunday,Spaced Repetition
Cloud Computing,medium,Revision,Medium,Afternoon,3.2378503057847294,0.9479716563821899,8.513679190826046,7.952268391899542,73.76746870218163,low,Friday,Spaced Repetition
Mathematics,medium,Revision,Low,Morning,3.8308477605027966,1.1295909753891835,6.915577842992256,3.590377591851177,49.59753208220345,medium,Monday,Pomodoro
Cyber Security,low,Concept Learning,High,Morning,4.199136127374557,0.3039464012407238,7.959488371593849,9.814914455345448,96.13613446789157,low,Wednesday,Deep Work
Operating Systems,high,Exam Preparation,Medium,Afternoon,3.1464727212978234,1.2818511987280015,7.467180256451174,3.7234483661521334,71.38500014440429,high,Monday,Pomodoro
Chemistry,low,Exam Preparation,High,Morning,7.475886799971628,0.4896244620502448,7.934235745730456,7.689480177392856,86.57986803330245,low,Wednesday,Deep Work
Data Structures,medium,Exam Preparation,Low,Morning,3.778902635540047,1.4766155382529167,7.7448790266313425,5.400154311159197,55.73077359483712,high,Friday,Pomodoro
Operating Systems,low,Revision,High,Night,3.545150820582181,0.8534731920607206,8.28908303841788,6.473059288006731,74.62200746934714,medium,Saturday,Spaced Repetition
Web Development,medium,Concept Learning,Low,Afternoon,3.006964764142686,1.371029932154682,6.116848299685229,5.760533769831113,74.0782342864361,high,Tuesday,Pomodoro
Machine Learning,high,Exam Preparation,Medium,Morning,1.8577203677174805,1.7239204084529258,7.584109989090308,5.386057354761112,72.16242867738441,high,Friday,Pomodoro
General,low,Exam Preparation,Medium,Night,3.722143283652148,0.6191406719960482,8.780982051830266,6.046495722375891,76.24474773049994,medium,Sunday,Spaced Repetition
Web Development,high,Exam Preparation,Low,Afternoon,2.8058061866228807,0.8357735988594809,7.465371910533348,3.380330511289547,52.166672506893924,high,Monday,Pomodoro
DBMS,high,Concept Learning,High,Afternoon,9.306259282137827,0.344781420072647,7.385530443825331,8.243548194450376,70.39753100511732,low,Sunday,Deep Work
Web Development,low,Exam Preparation,High,Night,4.758138887887064,0.5625552012730474,8.295480986450299,9.821257621902241,70.47469515990463,low,Friday,Deep Work
Machine Learning,medium,Revision,High,Morning,2.4216211438246678,1.0538234406337255,8.782448374552269,5.8441789465164895,89.66684337731031,low,Saturday,Spaced Repetition
General,medium,Exam Preparation,High,Night,9.022717766983913,0.6195262000363033,7.69018605213792,8.873842144343595,95.93299740605093,low,Monday,Deep Work
Physics,high,Concept Learning,High,Morning,9.89024405512685,0.45047857147059533,7.540104630674747,9.96765326187325,76.94645307895146,medium,Tuesday,Deep Work
Mathematics,high,Exam Preparation,Low,Night,3.5263567694071263,1.7574930570667067,6.4060794793849105,3.6592780093506607,49.569247517574716,high,Thursday,Pomodoro
Algorithms,low,Exam Preparation,High,Night,4.182782117853761,0.20444837246427305,7.021234668342779,8.531742272378679,88.45387421623599,medium,Tuesday,Deep Work
Cyber Security,medium,Concept Learning,Medium,Morning,3.1074522519613277,1.0392367268296328,5.88077553279348,5.2374446219140545,68.35396881377133,medium,Friday,Pomodoro
Cloud Computing,low,Exam Preparation,Medium,Afternoon,3.009258944540612,1.3730431470152034,7.922146158425988,5.1609043745624925,86.52394971835736,low,Saturday,Spaced Repetition
Artificial Intelligence,high,Exam Preparation,High,Night,7.203804835286583,0.14213712379345766,6.035119832192712,8.266102780382917,78.85122122962468,low,Friday,Deep Work
Algorithms,medium,Revision,Medium,Night,4.493518263839628,1.1024691704572664,8.724464669970601,6.585969811967827,75.03327581354313,low,Sunday,Spaced Repetition
Machine Learning,medium,Exam Preparation,Medium,Morning,4.798137030462096,0.8069310729812326,7.6427358447698595,6.029155197558952,85.0080795561172,medium,Saturday,Spaced Repetition
Chemistry,medium,Revision,Low,Night,3.3314407477823105,1.3376063746037077,6.272666027740929,5.625417540378944,43.8919118807153,high,Friday,Pomodoro
Artificial Intelligence,medium,Revision,High,Morning,3.321565894662466,1.0892146143478554,8.635695991974556,6.354696759816726,93.10783591193416,low,Saturday,Spaced Repetition
Physics,medium,Concept Learning,High,Night,9.886862390750931,0.5695397795671037,6.778625349528271,8.310987656996863,87.80682806136357,low,Saturday,Deep Work
Cyber Security,medium,Exam Preparation,Medium,Afternoon,4.888264256815141,0.5402855187779985,8.513557062847887,6.548849897593022,82.41935677728902,low,Saturday,Spaced Repetition
Mathematics,medium,Exam Preparation,High,Night,9.102829688565027,0.34460408444755963,6.092573712924217,7.155685898555233,74.26511340111686,low,Thursday,Deep Work
Chemistry,medium,Revision,Medium,Morning,3.9516007811172074,0.7042564679363964,9.06700657516211,6.076227531628666,94.86935530023048,medium,Sunday,Spaced Repetition
Cloud Computing,low,Exam Preparation,High,Morning,8.608032611879258,0.4343614981412177,7.339325765389646,8.856316231123015,89.96095625256713,low,Saturday,Deep Work
Cyber Security,low,Exam Preparation,High,Morning,4.014187926047544,0.5681090247235225,8.045435823983183,7.806134483921352,78.98348877975467,low,Sunday,Spaced Repetition
Artificial Intelligence,high,Concept Learning,Low,Morning,1.6820719002882965,1.0125117528453813,6.142728576532962,3.385287074356014,48.3669366269043,high,Wednesday,Pomodoro
Operating Systems,medium,Revision,Medium,Afternoon,3.6010944883673455,1.3680131128585902,6.315846257568771,4.901030641660546,57.0334129498646,medium,Tuesday,Pomodoro
Algorithms,low,Exam Preparation,High,Morning,6.4584354186576345,0.6477742329503421,6.046524991879776,7.842645895558731,76.2386907786817,low,Saturday,Deep Work
Web Development,medium,Exam Preparation,High,Night,3.5550736514463877,0.6314123828552685,8.156212519751477,6.74364643246815,86.54503842681541,medium,Friday,Spaced Repetition
Operating Systems,low,Revision,High,Afternoon,3.304431410050294,0.5709159594879792,8.37449015451898,7.587489522204756,71.99218435672505,low,Saturday,Spaced Repetition
Algorithms,high,Concept Learning,Low,Night,3.8953892263809897,1.2325911950974093,5.452028323129632,3.369534544134186,54.46957572533415,medium,Monday,Pomodoro
Artificial Intelligence,medium,Exam Preparation,Low,Night,3.2735383313931075,0.5215902329446338,5.348217921520749,2.184010568087011,41.425508081163954,medium,Thursday,Pomodoro
General,high,Concept Learning,Low,Morning,1.4908714635750075,1.692214323124894,7.081046677344466,2.8830784511550416,42.88333659655449,high,Wednesday,Pomodoro
Artificial Intelligence,high,Concept Learning,Medium,Morning,2.284552444951943,1.9499822285655044,7.890859931267759,5.41203782186944,50.3057112224355,high,Monday,Pomodoro
General,high,Revision,Low,Night,1.5417837945259025,0.5807873104970391,5.96017949756295,5.012749343653612,49.42659544057088,high,Friday,Pomodoro
Data Structures,medium,Exam Preparation,High,Night,2.6991251394997353,1.374743649656566,9.343578603567806,5.758512202070868,67.01853838764544,low,Saturday,Spaced Repetition
Machine Learning,high,Revision,Low,Afternoon,1.2636043337279705,0.7082371601630306,5.008132698242989,2.4667842565667253,56.56081703681623,high,Wednesday,Pomodoro
Machine Learning,high,Revision,Medium,Morning,2.5102518125645705,1.5355922429440478,5.117936419523296,5.197641595636171,61.97651363218177,high,Wednesday,Pomodoro
Chemistry,low,Concept Learning,Medium,Night,9.095074033010224,0.4060118017061106,6.041095651226744,7.240666739367143,79.3658910465281,low,Sunday,Deep Work
Software Engineering,low,Concept Learning,High,Afternoon,6.305437720824288,0.4501233611819322,7.737799061461581,9.27805307725784,72.96620852921906,medium,Tuesday,Deep Work
Mathematics,high,Concept Learning,Low,Night,3.632018060142943,0.8869124415727334,6.979952138102537,5.268888800804863,59.432028405981185,high,Tuesday,Pomodoro
Operating Systems,low,Concept Learning,High,Night,7.0900339582583385,0.5355538148796726,7.070657925513331,8.061367476209309,94.85666793718244,low,Sunday,Deep Work
Cloud Computing,low,Concept Learning,High,Night,8.260812590788394,0.9373784381643208,7.809875417144829,8.420202644484737,71.79149466912668,low,Thursday,Deep Work
General,low,Concept Learning,High,Night,8.521567784474517,0.20366713777268486,6.982656495540398,8.640055765297866,87.26228161858445,low,Sunday,Deep Work
Artificial Intelligence,low,Revision,High,Night,4.665629218779676,0.7854040684634225,8.964520985538112,5.328447098206982,93.9751000642275,medium,Friday,Spaced Repetition
Software Engineering,high,Concept Learning,Low,Morning,1.682228487584137,1.1059668144898223,6.627637410186269,5.166799953813406,59.20935298520206,high,Tuesday,Pomodoro
Software Engineering,high,Concept Learning,Medium,Morning,8.48703144647243,0.150608103218274,6.651692659359032,8.391970394393276,77.92013049878398,low,Wednesday,Deep Work
Data Structures,medium,Revision,Medium,Morning,4.806261062411769,0.5098275525697878,8.522956468646221,5.988137807906227,85.80132615556558,medium,Sunday,Spaced Repetition
Operating Systems,medium,Exam Preparation,High,Night,7.09395643513872,0.4632936532727968,6.1362098444060775,,97.93029912655899,low,Friday,Deep Work
Data Structures,high,Revision,Low,Morning,3.710091437908075,1.4699973786757452,7.079525634370774,2.20638322663484,63.44711125925137,high,Monday,Pomodoro
Web Development,high,Revision,Low,Afternoon,2.4597929867312596,1.3990534484944008,6.806436932157443,2.091731245072168,51.273780148021494,high,Wednesday,Pomodoro
General,low,Concept Learning,High,Afternoon,6.497308353072096,0.16811812839929585,7.424852895791245,7.1656675622290855,98.2715036200683,low,Sunday,Deep Work
Artificial Intelligence,medium,Exam Preparation,High,Night,4.311936111866245,0.03174376537298862,7.270005432459593,7.2536961342917134,88.20540866620418,medium,Saturday,Deep Work
Chemistry,high,Concept Learning,High,Night,8.239805580805578,0.37448039996801696,7.108445802094141,7.1359578368826835,80.4983481858892,medium,Saturday,Deep Work
General,medium,Exam Preparation,Medium,Afternoon,1.5879485872574355,0.5678409333658071,5.975990992289793,3.554709158757928,49.497216112086356,medium,Tuesday,Pomodoro
DBMS,medium,Revision,Low,Morning,3.0872460669538517,1.1818115971516598,6.88267424025219,4.337257247692401,71.54053036718462,high,Thursday,Pomodoro
Artificial Intelligence,medium,Concept Learning,High,Afternoon,7.591570644428025,0.6529496581378422,6.461758529348715,9.931095029635529,86.34316680948366,low,Sunday,Deep Work
Cyber Security,low,Exam Preparation,High,Night,3.3540275177018914,0.507091812774371,9.200626720825936,7.476319687245886,69.3982490108001,low,Sunday,Spaced Repetition
Chemistry,medium,Revision,High,Morning,2.3590380022406285,1.4108262646863152,7.515117607959946,,68.69742374397654,low,Saturday,Spaced Repetition
Operating Systems,high,Exam Preparation,Low,Night,1.6794873255938139,1.4677591856141747,5.523099287014975,4.763750952409864,53.53573712051881,medium,Monday,Pomodoro
DBMS,medium,Exam Preparation,Medium,Afternoon,3.79818545006204,1.7990958342506125,5.135656010318568,2.105467897989008,53.17621784073174,medium,Monday,Pomodoro
Artificial Intelligence,low,Exam Preparation,Medium,Morning,5.8090403134492945,0.5498601463991643,7.874773133117849,6.612743414154543,82.27377413366929,medium,Saturday,Spaced Repetition
Algorithms,medium,Exam Preparation,High,Afternoon,2.779833085994522,1.0049114512501394,9.421867828406283,5.185839555736964,82.30423758914768,low,Sunday,Spaced Repetition
Operating Systems,medium,Revision,Medium,Morning,1.0478987566606426,0.8463407384332235,5.723076398078035,4.733054075301833,61.34988302239174,medium,Wednesday,Pomodoro
Artificial Intelligence,low,Revision,High,Night,2.3416121206508866,1.4724613900279022,8.795026078440245,6.842558732957034,72.09829348122523,medium,Sunday,Spaced Repetition
Cloud Computing,medium,Exam Preparation,Medium,Afternoon,2.7312535541569036,1.4562918815133612,8.441691101073657,6.017721983521509,66.8729398183334,low,Saturday,Spaced Repetition
Cyber Security,low,Concept Learning,High,Night,6.8535771509320496,0.4077481050027323,6.483656435925368,8.96922881050197,99.13452722104857,low,Saturday,Deep Work
Software Engineering,low,Revision,High,Night,4.716266417982549,1.4317404033165082,9.992373543529174,7.160472382792821,73.61663627615452,medium,Sunday,Spaced Repetition
Machine Learning,high,Concept Learning,High,Night,6.936258693824021,0.42960859213236335,8.221878446683112,9.588917196960887,85.95667237022542,low,Saturday,Deep Work
Web Development,medium,Concept Learning,High,Morning,9.832151538979547,0.22848674675477076,8.932356353971104,8.59573811957279,74.07367141191811,low,Saturday,Deep Work
Physics,high,Concept Learning,Low,Morning,1.2128227509997829,1.0951757408208325,5.152305593118191,5.54646859580264,40.96658701557966,high,Wednesday,Pomodoro
Software Engineering,low,Revision,High,Morning,5.9661311033095465,0.708315390008518,8.388598343410154,7.0076570897746,79.51407619581941,low,Sunday,Spaced Repetition
Cyber Security,medium,Exam Preparation,High,Morning,6.749407902357003,0.7813488406144062,8.880503354186237,9.290737206599719,95.6562095505511,low,Friday,Deep Work
Data Structures,high,Concept Learning,Medium,Morning,2.7554485969764158,1.5891812661077722,7.271243606127367,3.5114021971031457,48.437969131537116,high,Monday,Pomodoro
Machine Learning,medium,Concept Learning,High,Night,7.346252957500264,0.34727703903050755,7.741402802981088,7.417590104037086,83.32131247606608,low,Wednesday,Deep Work
Data Structures,medium,Revision,Low,Night,3.792271976810694,1.7876191277645177,6.286982082125055,5.0034842711659895,66.40900059296388,high,Monday,Pomodoro
Mathematics,high,Revision,Medium,Afternoon,2.922916232035996,1.7337208454515414,5.397574018225545,5.44805792909049,72.29650166796881,high,Friday,Pomodoro
Web Development,high,Concept Learning,Medium,Morning,7.797437984070605,0.06902954088784963,6.016997443588702,9.811273085376385,94.65779907819788,medium,Monday,Deep Work
DBMS,low,Revision,High,Morning,5.891376634640089,0.5048684076555032,8.531695620947874,,80.27473896687808,low,Saturday,Spaced Repetition
Web Development,high,Revision,Low,Morning,1.2812707619366699,1.3657591749313251,7.631415324534212,3.735202049019087,45.62968608852112,high,Monday,Pomodoro
Cyber Security,medium,Exam Preparation,Medium,Morning,2.0961649494657513,1.0341396961356972,9.220846028866411,7.246095435317465,71.3942635794181,medium,Saturday,Spaced Repetition
Machine Learning,high,Exam Preparation,High,Morning,9.374187779196234,0.7835000808452567,8.099115618298429,8.850832082153506,95.9039719102439,low,Sunday,Deep Work
Operating Systems,medium,Exam Preparation,Low,Morning,2.1921441714559498,0.6401119579629434,6.323216474752352,2.78243709217806,46.53531535205645,high,Thursday,Pomodoro
Software Engineering,medium,Revision,Medium,Night,5.9161273631666695,0.9207365625686168,8.754863512829605,7.729790474479156,86.51785627597269,medium,Sunday,Spaced Repetition
Software Engineering,medium,Revision,High,Morning,4.689393070571459,1.1891814104275167,8.353673516521106,5.646829295729134,89.41130812271923,medium,Saturday,Spaced Repetition
Operating Systems,medium,Revision,Medium,Morning,2.5712572178914694,1.079829576047725,8.206375668796596,5.83702487104339,77.14905762128565,low,Sunday,Spaced Repetition
General,high,Concept Learning,Medium,Afternoon,1.3728916704566343,1.5963012128054663,7.815021370463113,2.7249322646626406,42.32736935783721,medium,Thursday,Pomodoro
Machine Learning,medium,Concept Learning,High,Afternoon,9.328709133604214,0.3252906183617478,8.702882687071403,9.988473020496336,94.76246992371844,medium,Wednesday,Deep Work
Web Development,high,Concept Learning,Low,Night,1.8896067438629656,1.0245548446187742,7.3239605935435454,4.645482444281658,46.481844875361375,high,Friday,Pomodoro
Chemistry,high,Exam Preparation,High,Morning,7.948329903167324,0.008059103342119789,8.829524468883855,7.711433397933134,73.22842554279576,low,Saturday,Deep Work
Machine Learning,medium,Revision,Low,Night,2.103278052631869,1.1211946287933905,7.482613686700622,4.934457522245609,66.9256712774469,high,Tuesday,Pomodoro
Physics,high,Concept Learning,Low,Afternoon,3.2521885209980415,1.3369711081739597,6.657540844348175,2.3766076405027916,52.02821174131861,high,Tuesday,Pomodoro
Chemistry,high,Exam Preparation,Low,Afternoon,1.2900293489401589,1.1755564043872777,7.268489986685738,3.3902860969559283,63.27191035705263,medium,Friday,Pomodoro
Cyber Security,medium,Revision,Medium,Afternoon,3.897234659473721,0.6680200521926786,8.386993224140971,6.1999490548807055,66.7217553106482,low,Sunday,Spaced Repetition
Physics,low,Exam Preparation,High,Night,5.040976302130132,0.37975152291931746,8.404337328668861,8.176280730713717,92.52308947633168,low,Monday,Deep Work
Software Engineering,medium,Exam Preparation,Medium,Morning,3.311535976073034,1.237132413956639,7.5917823587076665,6.424307018130953,75.08970182811001,low,Saturday,Spaced Repetition
Operating Systems,low,Concept Learning,High,Afternoon,8.854141841750058,0.14692192358377076,7.027935439567565,9.593976765574421,74.64775933430327,low,Tuesday,Deep Work
Machine Learning,high,Exam Preparation,Medium,Night,2.791822217291023,1.2875472512904023,5.780700103854582,4.0609916972589035,57.19152193040193,medium,Wednesday,Pomodoro
General,high,Concept Learning,High,Morning,7.990335934039787,0.5565784285021533,7.0281927762837215,7.403728801312323,72.83256692981443,medium,Sunday,Deep Work
General,high,Revision,Low,Afternoon,1.3023838090476594,0.8840232977804934,7.178286758187202,4.371851621035287,43.57744324788199,medium,Friday,Pomodoro
Physics,low,Revision,High,Night,3.4884808609667948,1.021884328157943,7.669933249548509,,93.71590890557704,low,Saturday,Spaced Repetition
Cloud Computing,medium,Revision,Medium,Afternoon,3.2356708913750643,0.8687251554708459,9.4243285457422,7.432805578017832,77.01069880519492,medium,Saturday,Spaced Repetition
Artificial Intelligence,medium,Concept Learning,Low,Morning,2.712713505532493,0.52755145541081,6.447069144654774,2.8413983196754744,52.110579867569385,medium,Tuesday,Pomodoro
Physics,low,Concept Learning,High,Morning,8.77905111834225,0.232541331620855,6.678099590365957,8.653152859884797,85.70690738589568,low,Sunday,Deep Work
Cyber Security,low,Revision,High,Afternoon,4.471726239385192,0.8418472854980921,9.684687388802546,5.038721683942976,71.8007195622477,low,Saturday,Spaced Repetition
General,low,Exam Preparation,High,Afternoon,4.110351893088662,0.7589042747931396,7.6320667159118045,7.178254554451551,68.63908994016603,medium,Friday,Spaced Repetition
Web Development,medium,Concept Learning,Medium,Morning,5.451362969553034,0.01240403627731479,7.406303896393517,7.903795782280001,87.95072452893277,low,Wednesday,Deep Work
Software Engineering,high,Concept Learning,High,Morning,6.870976697535771,0.7805560268872138,6.910871814431521,7.9350694855451245,70.09422718144366,low,Sunday,Deep Work
Cloud Computing,medium,Concept Learning,High,Night,9.426158649963144,0.8174078473061094,8.271144344095877,7.1668165650413815,70.20633886658948,low,Friday,Deep Work
Cloud Computing,high,Concept Learning,High,Afternoon,7.131718020871383,0.5889330749455641,8.255028516068759,8.87043349155789,88.0084438158411,low,Thursday,Deep Work
Chemistry,medium,Revision,High,Morning,2.507296090201675,0.8917424505622782,7.906652037763713,7.203097029476655,71.2649280648377,medium,Saturday,Spaced Repetition
DBMS,high,Revision,Medium,Morning,2.1487806242613696,1.9575681430836556,7.546741472798251,4.886918084659493,48.25947219121345,high,Wednesday,Pomodoro
DBMS,low,Concept Learning,High,Night,9.46481602581888,0.5474148403797259,8.201716131005607,8.039676279449642,82.23147311995676,low,Tuesday,Deep Work
DBMS,high,Revision,Low,Morning,3.8099444555671216,0.5587794900134694,6.253838095146737,5.87032220608099,59.17901591368306,high,Wednesday,Pomodoro
Physics,high,Exam Preparation,Low,Morning,2.3460808678675917,0.8563161963114911,6.119755374888021,2.909078509052606,42.561857331895524,high,Tuesday,Pomodoro
Cyber Security,high,Concept Learning,Medium,Night,8.842933224189295,0.12020722912057624,6.796748498875818,7.052657090099887,78.79925832341694,low,Tuesday,Deep Work
Artificial Intelligence,medium,Concept Learning,Medium,Night,8.394483188876011,0.8816624823327127,6.3644861732632965,8.903917769462142,87.46431422733396,low,Tuesday,Deep Work
Artificial Intelligence,medium,Exam Preparation,High,Morning,4.202282538165457,0.6924931506358271,7.754696910348891,7.733361504175873,89.61522512696328,medium,Sunday,Spaced Repetition
Chemistry,high,Exam Preparation,Low,Night,3.0614965162099934,1.766661008950443,7.248848696025762,2.1218886109343766,70.3525243376153,high,Wednesday,Pomodoro
Chemistry,medium,Revision,Medium,Morning,3.3129528775964063,1.562858006903944,6.4207216653052654,2.231681842235193,42.61430462152489,medium,Friday,Pomodoro
General,low,Concept Learning,High,Night,7.676775013219062,0.9384821582141546,7.985333197414915,7.230409144943264,80.63998614955248,low,Tuesday,Deep Work
DBMS,medium,Concept Learning,High,Afternoon,5.040058317851685,0.48581742891263147,6.350770606576175,9.046459484684906,98.49699004738228,low,Sunday,Deep Work
Algorithms,medium,Concept Learning,High,Morning,9.447392762677715,0.9437015928202208,8.880406813216341,8.564378916164415,99.3192372397451,low,Friday,Deep Work
Web Development,low,Revision,Medium,Morning,4.889645537854179,0.507391901444293,8.772838532303998,,90.9868109173603,medium,Friday,Spaced Repetition
Mathematics,medium,Concept Learning,High,Night,4.337056464084634,0.49109572938316515,8.781331886575282,7.316179654323416,92.93322184226513,low,Tuesday,Deep Work
Software Engineering,high,Concept Learning,Medium,Morning,1.2097948171283024,1.4602523357422492,5.813442309500554,4.371247966613691,63.8046175886208,high,Tuesday,Pomodoro
Software Engineering,low,Concept Learning,Medium,Afternoon,9.510558592872453,0.9509285945025484,7.7313677581149625,8.071363477901508,93.62647257576337,low,Thursday,Deep Work
Mathematics,low,Revision,Medium,Afternoon,3.7820712579726448,1.4669685146183153,8.927997959907284,7.590294733368154,69.1835070861548,low,Saturday,Spaced Repetition
Cyber Security,medium,Exam Preparation,Medium,Night,2.931434227504377,0.9920017294320828,8.275588209361763,5.545290793283582,80.12398525755314,low,Saturday,Spaced Repetition
Data Structures,high,Concept Learning,Low,Night,1.2999546614855901,0.5802279451210534,7.875624490649595,5.388572576382359,52.42168166619522,medium,Thursday,Pomodoro
Artificial Intelligence,low,Revision,High,Morning,2.3262997024454637,0.58778823705816,7.929573650894146,6.554232494121035,71.41984036094941,medium,Saturday,Spaced Repetition
Software Engineering,low,Exam Preparation,High,Night,4.414275437887598,0.4742550209769536,7.68203488481685,8.885279369843762,90.65894887923626,low,Monday,Deep Work
General,high,Revision,Medium,Night,1.4867002173474382,0.5189112799636386,6.679267050915148,4.109598488490706,65.17737678292055,medium,Friday,Pomodoro
General,low,Concept Learning,Medium,Morning,6.130789886522876,0.04524918901888786,6.653726124756041,7.045530646860481,87.44251316746062,low,Wednesday,Deep Work
Cyber Security,high,Revision,Low,Night,3.0026496978744115,0.6433029707520023,6.871577974029719,3.8070707149489165,60.531296211141594,high,Wednesday,Pomodoro
Operating Systems,low,Revision,Medium,Morning,5.560946487183084,0.6149063433619103,7.509592863769503,6.506024593217546,82.49383470358607,low,Friday,Spaced Repetition
Physics,low,Exam Preparation,Medium,Morning,4.585629500912356,0.9583634794263062,8.821768299710131,5.103130575055175,84.16889065919854,low,Friday,Spaced Repetition
Physics,medium,Exam Preparation,Low,Afternoon,1.0709157581390092,1.462957250664899,6.821282108266342,4.18678965085628,48.11814836405914,high,Friday,Pomodoro
Algorithms,medium,Revision,Medium,Afternoon,3.327945885730811,1.2816325580532473,8.59262880460547,6.883236244692009,84.42373822236638,low,Friday,Spaced Repetition
DBMS,high,Concept Learning,Medium,Night,5.7626554370463445,0.041499167183079444,7.911284102473328,8.791877261060408,89.60150495436042,low,Thursday,Deep Work
Chemistry,medium,Concept Learning,High,Night,9.550283052058088,0.6316435150828916,6.163172245566933,8.932770170952434,99.22742962434268,low,Saturday,Deep Work
Software Engineering,medium,Exam Preparation,Medium,Morning,4.283415745115047,1.4095953911109445,7.5154595566022415,7.432050711012776,93.45108658366757,low,Sunday,Spaced Repetition
Cloud Computing,high,Revision,Low,Afternoon,2.7798359449305363,1.4754412788101807,6.437836785728862,4.462968087768971,51.51561032351317,high,Friday,Pomodoro
Artificial Intelligence,low,Revision,High,Afternoon,5.182640922645768,0.5774829737923859,8.2057845855268,6.755890485002934,72.69239083096825,low,Sunday,Spaced Repetition
Software Engineering,high,Exam Preparation,Medium,Morning,2.9505020513296847,1.0470458741859587,6.682031582010542,3.9242475353763457,70.97494247831483,high,Tuesday,Pomodoro
DBMS,high,Revision,Low,Afternoon,2.1997156204124684,1.9650878579938684,7.469522046786981,4.089924162064474,44.31279289602581,medium,Friday,Pomodoro
Physics,low,Exam Preparation,Medium,Morning,4.605647199865129,0.8689442522791451,8.045245932270483,7.338794928058034,95.26223312195738,low,Saturday,Deep Work
Chemistry,low,Revision,Medium,Morning,4.623613252393598,0.698814060937403,8.287526267958562,5.673807320224655,67.07460703155503,low,Saturday,Spaced Repetition
Software Engineering,high,Exam Preparation,Low,Morning,2.6152044711423628,1.4924827626208121,7.213567300719575,4.080672439514927,54.93859698292025,medium,Tuesday,Pomodoro
Physics,low,Concept Learning,High,Morning,9.886707447207614,0.6495089297074473,8.41324217903242,9.1453004838511,87.79474657118405,low,Wednesday,Deep Work
Algorithms,low,Concept Learning,High,Afternoon,8.222198677774305,0.970257109726057,7.31298398444461,7.704920214987858,91.14613030130145,medium,Monday,Deep Work
Data Structures,low,Concept Learning,Medium,Afternoon,4.375157774457074,0.45894051659682034,8.198200424358495,8.820195174152309,90.1861500579424,low,Sunday,Deep Work
Physics,medium,Revision,Medium,Afternoon,4.401005640398332,1.231250589347375,9.424366557142719,7.926231103054235,82.2068984008013,medium,Friday,Spaced Repetition
Algorithms,medium,Revision,Low,Afternoon,2.836773957643474,1.226597671361061,6.982460354897752,4.212005810367834,60.91165519211755,medium,Wednesday,Pomodoro
Mathematics,medium,Revision,Low,Morning,2.696649894764321,1.9694700725508252,5.495882332910524,4.801007837778084,60.50335510901657,high,Monday,Pomodoro
Chemistry,medium,Concept Learning,High,Night,5.049288623055756,0.8557372589057863,6.681538671070545,9.51112337572882,78.37828265363231,low,Thursday,Deep Work
Operating Systems,low,Concept Learning,High,Afternoon,8.244382000197566,0.3892304716917885,6.686626387450497,8.790555630663277,97.84546294341854,medium,Sunday,Deep Work
DBMS,low,Concept Learning,Medium,Morning,6.325892832733882,0.6327118787486009,8.111571274902992,7.0130898089509275,75.00859266241596,low,Friday,Deep Work
Cyber Security,low,Revision,High,Night,4.9200068843234455,0.8577547632937143,7.6597523551209346,5.223003826658214,68.46088403917112,medium,Saturday,Spaced Repetition
DBMS,low,Revision,Medium,Night,3.3572913426228443,1.2088991127733162,9.98445993844543,5.943886726805596,85.22052604651901,low,Sunday,Spaced Repetition
General,medium,Revision,High,Afternoon,2.432620058293427,1.3421068624835115,9.035332940468795,5.977473752058346,70.752086521708,medium,Friday,Spaced Repetition
Artificial Intelligence,low,Revision,High,Night,4.571109653919711,1.2176761577934996,9.941544093287522,6.131605347372917,89.05520505358417,low,Sunday,Spaced Repetition
Web Development,medium,Revision,High,Afternoon,4.273074465075073,0.7746658697879054,8.686087285367936,6.001329791209393,82.37940208365383,low,Saturday,Spaced Repetition
General,low,Concept Learning,High,Afternoon,6.439543224156834,0.14328145870264108,8.144156500506108,7.8800602643230295,85.7641092206768,low,Thursday,Deep Work
Cyber Security,high,Concept Learning,Low,Night,1.6107348410267281,1.7606786094154003,5.522580009734761,5.843122205947908,54.55675781514293,medium,Friday,Pomodoro
Chemistry,low,Revision,Medium,Morning,2.288852741340752,1.1844353610693075,8.758051037146586,7.295446549583792,79.55871902185146,low,Friday,Spaced Repetition
Mathematics,low,Concept Learning,High,Night,7.07008831948907,0.16562834702826534,7.937221530286837,7.134335351514005,92.85720460397246,medium,Wednesday,Deep Work
Chemistry,low,Concept Learning,High,Night,5.197031889577651,0.29394910101689753,6.711254125552021,9.845508829654584,98.33997196513286,low,Wednesday,Deep Work
Software Engineering,high,Revision,Low,Afternoon,2.9099329648668477,1.3322234128133386,5.273006273153991,4.905588130600913,59.160620741468904,high,Thursday,Pomodoro
Algorithms,high,Concept Learning,High,Night,7.56196474725123,0.010131184027743378,7.908288139228627,9.73986084272871,88.37720405034457,medium,Thursday,Deep Work
Operating Systems,high,Revision,Low,Morning,3.9082369670058625,0.8872001490516913,6.970209993623877,3.3007602568987795,67.07155939903103,high,Friday,Pomodoro
Web Development,medium,Revision,High,Morning,4.108200625970255,1.082533777440736,9.209470502224686,7.259356541539022,86.82357173858361,medium,Saturday,Spaced Repetition
Machine Learning,high,Concept Learning,Medium,Night,4.486231662790341,0.8297228663216244,8.930383118482759,8.214175191488977,72.6294950858396,low,Thursday,Deep Work
Chemistry,medium,Revision,Medium,Morning,2.1330718846774337,0.6218880825322705,8.539653348519868,5.189389727623899,76.90265169366589,medium,Saturday,Spaced Repetition
Cloud Computing,low,Exam Preparation,Medium,Afternoon,3.762956164337054,0.7604031087879084,9.595999095230475,7.146862150915357,85.60824305010532,medium,Saturday,Spaced Repetition
DBMS,low,Concept Learning,High,Morning,5.540460977858548,0.8040956696335928,7.277813125400819,9.984052495589461,72.77501313816892,low,Friday,Deep Work
Chemistry,medium,Revision,High,Morning,5.836336969129613,0.6923463631539151,9.293431935157434,6.993018099817046,75.30133368723718,medium,Saturday,Spaced Repetition
Physics,low,Revision,High,Afternoon,5.764193040153508,1.3726550721760553,8.630216492028415,7.957415962550617,65.0055958451199,low,Sunday,Spaced Repetition
Cloud Computing,medium,Concept Learning,High,Morning,6.7920216036369165,0.013682414760681105,6.244796160014515,7.775774773404352,70.83556722463223,low,Monday,Deep Work
DBMS,medium,Revision,Medium,Night,3.031113952815965,1.2013635603104413,7.535932379444444,,82.98075761407408,medium,Saturday,Spaced Repetition
Cyber Security,medium,Exam Preparation,High,Night,5.699828574549584,0.7867695033571274,7.192344470697275,8.540833139632973,77.60071510178985,medium,Wednesday,Deep Work
Machine Learning,medium,Exam Preparation,High,Night,4.61434708017768,0.7739887815430181,8.982640474918394,6.4676817642497575,69.0003340194911,medium,Sunday,Spaced Repetition
Data Structures,medium,Revision,High,Morning,4.829705100647729,1.2117779449909496,9.745888187919164,6.748058439663748,68.72322103141332,medium,Sunday,Spaced Repetition
Chemistry,medium,Revision,Medium,Night,5.512134051377828,1.057873675660073,9.899477551012126,5.146084545199789,67.94023054342223,medium,Friday,Spaced Repetition
Physics,medium,Exam Preparation,Low,Night,1.1968784337220388,1.7322694211111616,6.115500587716173,5.275142573428375,48.83780623909338,high,Tuesday,Pomodoro
Artificial Intelligence,high,Exam Preparation,Low,Afternoon,1.5006553535646128,0.7719789198882578,6.163020784251183,3.609308498746224,70.59918647135832,high,Wednesday,Pomodoro
Machine Learning,medium,Exam Preparation,High,Morning,2.8986295905670665,0.8993325801992226,8.524182173231297,7.934662005579675,70.42675704136695,medium,Saturday,Spaced Repetition
Software Engineering,low,Revision,Medium,Afternoon,2.2891077902927064,1.0757858627744117,9.63413637235278,7.175861253063665,75.81182120162333,low,Saturday,Spaced Repetition
Cyber Security,low,Exam Preparation,Medium,Night,3.2834181709993744,1.0960501157609501,9.989336130128308,6.305786838969661,92.62074202335859,medium,Saturday,Spaced Repetition
Algorithms,low,Concept Learning,Medium,Night,6.520024444488429,0.00968688274096774,8.573865272745172,9.193472033364753,98.4026810552111,low,Wednesday,Deep Work
Chemistry,medium,Exam Preparation,High,Night,6.598978667890998,0.7743026829445951,8.557754864815028,8.624939254650279,92.74801876168178,low,Friday,Deep Work
DBMS,high,Revision,Medium,Afternoon,2.088832815537976,1.9932207360563856,6.339057053592926,3.3342781978888016,60.31662523508361,high,Friday,Pomodoro
Data Structures,low,Exam Preparation,Medium,Morning,2.3351638901930465,1.1430609935400295,9.406335094438838,6.7547926819361646,72.9869450449643,low,Friday,Spaced Repetition
Artificial Intelligence,high,Concept Learning,High,Night,7.63453181883434,0.9187347106063773,7.086804261295773,9.177149389659848,96.83357670472697,low,Thursday,Deep Work
Chemistry,low,Concept Learning,High,Night,4.857051788885991,0.6920736470243689,6.618756341508458,8.175578119564078,96.87024332856336,low,Monday,Deep Work
Chemistry,medium,Revision,High,Night,5.684575520723367,1.4760860241995717,8.055706916596463,5.624318103789118,87.61160529686389,low,Saturday,Spaced Repetition
Machine Learning,medium,Concept Learning,Low,Morning,1.3292085960325104,1.3219392334605393,6.363132003679882,5.377428330958464,43.43289032744856,high,Thursday,Pomodoro
Chemistry,low,Concept Learning,High,Morning,8.167845753362368,0.2187156129979273,7.785909797782467,7.793905080776072,89.85906834381606,medium,Thursday,Deep Work
Physics,high,Concept Learning,Low,Morning,2.8018286276387085,1.9113130345070972,7.480516651135632,4.667886067963629,60.201483284911184,high,Tuesday,Pomodoro
Algorithms,medium,Revision,High,Afternoon,2.508384960873757,0.6892836459160094,8.648328602001357,7.256386098630713,92.16616513786704,medium,Saturday,Spaced Repetition
Machine Learning,high,Revision,Medium,Night,3.6472491052220164,1.7054053031623027,6.515620320729915,5.868506461036682,54.62163427462849,medium,Friday,Pomodoro
Data Structures,low,Exam Preparation,Medium,Afternoon,2.7115362349379986,0.8517201113456523,8.600450821742983,5.207923319114885,82.34655143669869,low,Saturday,Spaced Repetition
Operating Systems,medium,Concept Learning,High,Night,4.363773556398809,0.6899997373089434,8.07028967471353,9.791820414539611,84.91937338506918,low,Saturday,Deep Work
Data Structures,low,Exam Preparation,High,Morning,9.694672858536643,0.5129024161471976,6.2810172621177305,9.263863664795775,84.75793300317187,low,Thursday,Deep Work
Cyber Security,medium,Exam Preparation,Low,Night,1.093402248653534,1.4775002380638276,6.105579031171283,5.457432999358549,56.562346734204496,medium,Monday,Pomodoro
Physics,high,Concept Learning,Low,Morning,1.2475256033212638,1.7367710703452508,6.073404052784814,3.2883788088773414,74.2113235210175,high,Tuesday,Pomodoro
Cloud Computing,medium,Revision,Medium,Morning,4.876302482043247,1.0475178840599946,9.859445278420923,5.752670949602314,68.01688196250333,low,Saturday,Spaced Repetition
Physics,low,Concept Learning,High,Afternoon,7.97677764525833,0.8706338814834905,8.277260797666916,9.182587690675284,84.53173556802548,low,Thursday,Deep Work
Physics,high,Concept Learning,High,Afternoon,8.59497423540946,0.00540492367266987,6.004038812869691,8.134302309362353,74.30186110032678,low,Tuesday,Deep Work
Chemistry,medium,Concept Learning,High,Night,6.315247017370695,0.7917202592613465,7.787966526550445,7.303779743845476,95.41418469081356,low,Thursday,Deep Work
Software Engineering,low,Revision,High,Night,3.821579620991763,1.0180153489085197,7.518657851043049,6.268059858972277,86.54204483602582,low,Friday,Spaced Repetition
Web Development,medium,Revision,Medium,Afternoon,4.2221982795424795,0.7913610728377445,8.54348695582287,6.130600641041566,91.27714774999684,medium,Friday,Spaced Repetition
Data Structures,medium,Concept Learning,High,Night,9.564131083517783,0.36588580955688044,6.954148717652756,9.248278017942425,82.93337215291015,low,Monday,Deep Work
Operating Systems,high,Revision,Medium,Afternoon,3.737090036850073,0.8159932835084999,6.868899750690448,4.526240880370082,65.65895578453484,high,Thursday,Pomodoro
Physics,low,Revision,High,Night,3.5093939089212465,0.758226813259983,8.1086676101669,6.373293838112403,87.78560446150831,medium,Saturday,Spaced Repetition
Cloud Computing,low,Concept Learning,High,Afternoon,5.076188092073263,0.9706765454097441,6.339910514182392,8.210803007084774,92.13654954503818,low,Monday,Deep Work
DBMS,low,Revision,Medium,Afternoon,3.809467036826281,1.2336428403644484,9.600047079801746,6.634946834300054,67.60348862194971,medium,Friday,Spaced Repetition
Algorithms,high,Revision,Low,Morning,3.4683710556300795,1.616317485414947,7.043118281290727,2.9500258851698797,54.00780125052087,high,Monday,Pomodoro
Web Development,high,Concept Learning,Low,Night,3.604482412154641,0.8679282983830019,5.472021979107578,2.6416004213202884,51.69031075608333,high,Friday,Pomodoro
Artificial Intelligence,medium,Revision,Medium,Night,3.898134250489763,1.3160567571143236,8.580168212666544,,82.86244404860325,medium,Friday,Spaced Repetition
Machine Learning,medium,Exam Preparation,High,Night,2.421605509585849,1.3388538619040689,9.177532451332274,7.091072498012899,75.88948521211614,low,Saturday,Spaced Repetition
Data Structures,high,Revision,Low,Morning,2.4396912447762196,1.5289516039744762,5.052139370556439,3.292522628281114,74.05842118246213,high,Wednesday,Pomodoro
Data Structures,medium,Revision,High,Morning,2.161335408553808,0.8261702541282535,8.671392486477837,5.443875002328218,94.5396343277252,medium,Saturday,Spaced Repetition
Web Development,high,Concept Learning,Medium,Morning,3.9096364801229173,0.5647398679258642,7.673429341094213,4.1108044363452,74.75376786417552,high,Wednesday,Pomodoro
Machine Learning,high,Revision,Low,Morning,1.8863343324322608,1.6538347217572005,6.873990706562791,3.5277585586115836,47.19905417684443,high,Thursday,Pomodoro
Physics,high,Revision,Low,Afternoon,2.743714664267837,0.7315440729113034,6.4434203055644526,4.1303577302063434,41.813823788784944,high,Tuesday,Pomodoro
Physics,medium,Concept Learning,High,Morning,5.714549947556236,0.43276687959926263,8.056331649665704,7.997368471446136,71.69756968440147,low,Thursday,Deep Work
Machine Learning,high,Revision,Medium,Night,2.7708848275444233,0.9020954612343144,6.872446723547402,3.6376466087649617,59.321651329819304,high,Thursday,Pomodoro
Software Engineering,medium,Concept Learning,High,Afternoon,4.430654837359079,0.6826172212234024,6.725795040946589,9.14185789751977,94.6760438315259,medium,Saturday,Deep Work
Operating Systems,high,Concept Learning,Low,Afternoon,1.8465612240796005,0.892558525603859,5.740936397215999,5.625018322084147,48.734116994732716,high,Tuesday,Pomodoro
DBMS,low,Concept Learning,High,Night,5.224999355009458,0.042342278772383835,7.739178471291674,8.358733210802832,98.46233185449132,low,Tuesday,Deep Work
Chemistry,medium,Revision,Low,Night,2.922478944070619,0.8240572737643994,6.858763864693489,4.6008043695926135,45.320869859502686,high,Wednesday,Pomodoro
Cloud Computing,high,Revision,Low,Morning,2.45448991407695,1.5386540493354055,5.808237001395565,2.9765020889910967,45.89018647605257,high,Monday,Pomodoro
Chemistry,high,Exam Preparation,Low,Morning,1.283328882267785,1.5245101601245352,5.213565945380687,,69.5706358839309,high,Tuesday,Pomodoro
Physics,high,Concept Learning,Low,Afternoon,1.155045163505823,1.297031947352222,6.62190536483032,4.549719605992826,65.41319668029315,medium,Thursday,Pomodoro
General,high,Concept Learning,Low,Afternoon,3.687443792115646,0.9833232551669425,5.375700711298482,3.8973444396248555,43.9884822150011,high,Thursday,Pomodoro
Operating Systems,medium,Exam Preparation,Low,Morning,2.0548680617189032,0.6521312426738248,6.457615277558977,3.0271062708820318,49.9705515686673,high,Thursday,Pomodoro
Cyber Security,medium,Concept Learning,High,Morning,5.672559234487318,0.21070496386720317,8.872344057114288,7.026589855340407,99.93462567045935,low,Monday,Deep Work
Machine Learning,low,Revision,High,Morning,4.032566874660777,1.120241354268912,8.69435531599884,6.4344767706675325,88.03909934185495,low,Saturday,Spaced Repetition
Mathematics,medium,Revision,Medium,Night,2.084036627945443,0.5344313085733146,8.61456387456754,7.4499657296048705,91.55716636122696,medium,Sunday,Spaced Repetition
Cyber Security,low,Concept Learning,High,Night,6.799646708183295,0.8167232025585446,6.202153664356567,8.162177757005978,95.55523710621843,low,Friday,Deep Work
Artificial Intelligence,low,Revision,Medium,Morning,5.361392710354032,0.5174982139873886,7.622511612428184,6.718310830060838,89.58487056158157,low,Sunday,Spaced Repetition
Software Engineering,high,Revision,Medium,Afternoon,1.3615677363593934,1.5965355071874225,5.5777970833568915,2.4611280849891375,54.76169309056794,medium,Thursday,Pomodoro
DBMS,high,Revision,Medium,Afternoon,2.0744881540985216,0.6703363882994435,7.014719586778399,4.081230803615173,67.03114371074737,high,Thursday,Pomodoro
Physics,medium,Concept Learning,High,Night,5.266674826996817,0.8634007668570018,7.203918072659136,7.877545273212226,74.56988768393606,low,Saturday,Deep Work
Physics,low,Revision,High,Afternoon,3.3721068503600975,1.4881240759546355,8.71307613941339,5.5374917548704525,91.73420275380528,medium,Saturday,Spaced Repetition
Operating Systems,medium,Concept Learning,Medium,Night,4.902833626035985,0.9680763814507335,7.3401435817755605,,77.3997584741622,low,Tuesday,Deep Work
General,low,Revision,Medium,Night,4.445366624990905,0.870973712592169,9.430380069039595,5.511387534744927,76.53547441118799,low,Saturday,Spaced Repetition
Mathematics,medium,Exam Preparation,Low,Night,3.989003012881742,1.0524642957602726,6.345831892863628,4.888283752810948,71.0168523162776,high,Friday,Pomodoro
Mathematics,low,Exam Preparation,Medium,Night,4.0148335483362825,1.3784158630449617,9.881291974211496,7.263610747707382,78.36358789202863,medium,Sunday,Spaced Repetition
DBMS,medium,Revision,High,Afternoon,3.4346454521058365,0.7677924745226338,8.58057764876127,5.274462555162376,87.39809613932611,low,Saturday,Spaced Repetition
Web Development,high,Revision,Medium,Afternoon,1.2440463419256993,0.6272565711277879,7.959918735503527,3.4970831830244813,52.972475147341186,medium,Monday,Pomodoro
Algorithms,medium,Revision,High,Afternoon,4.708497053930255,1.1826711524627593,9.071835037649983,5.798304105611926,66.17019262288454,low,Sunday,Spaced Repetition
Physics,medium,Revision,High,Afternoon,4.089987235562354,1.1410248576353546,9.465829138487601,,65.08124449461356,low,Sunday,Spaced Repetition
DBMS,medium,Concept Learning,High,Morning,9.776862142444156,0.7266709920703233,6.9142532861584,9.488183994576541,78.4456359524479,medium,Saturday,Deep Work
General,medium,Concept Learning,High,Morning,9.745789877635527,0.5657449506132892,7.543383983219682,7.255169156467724,86.46618404627799,low,Friday,Deep Work
Software Engineering,high,Concept Learning,High,Morning,7.2931519904641355,0.2876327290436782,6.920329798566423,8.058875510357069,88.6387734714883,low,Monday,Deep Work
Cyber Security,low,Concept Learning,High,Morning,5.4774649658236,0.42354791599189634,8.380711963616404,7.095335453071973,93.46152307791274,low,Tuesday,Deep Work
Mathematics,low,Concept Learning,Medium,Night,8.994503100461516,0.9754730283140218,7.42249288881596,7.200081644216347,71.44276931236107,low,Wednesday,Deep Work
Software Engineering,low,Concept Learning,Medium,Night,7.978044076850655,0.548382036195654,8.637765344539154,9.026740275850779,86.40889754114164,medium,Sunday,Deep Work
Chemistry,medium,Exam Preparation,High,Morning,7.818408221100443,0.051135381442100725,6.772821661001165,7.178574101043315,88.11386358848164,low,Tuesday,Deep Work
General,high,Revision,Low,Afternoon,2.275467623473734,0.8119124943022833,6.703100983459974,2.1252531698222343,69.47996711082494,high,Tuesday,Pomodoro
Cyber Security,low,Concept Learning,High,Afternoon,7.867547048454062,0.5612935429484027,8.330784030981675,7.614943628580449,91.76881600823248,low,Monday,Deep Work
Algorithms,medium,Revision,High,Morning,3.7835464794392313,1.2085835457678251,9.329681843216251,5.521891117710016,75.83648176927436,low,Sunday,Spaced Repetition
DBMS,low,Revision,Medium,Afternoon,3.7280422357214507,1.4990494981036449,8.050818483593957,5.309649946636998,82.55105506155985,medium,Friday,Spaced Repetition
Cloud Computing,medium,Revision,Medium,Morning,3.309683834933792,0.6646205132365048,7.95292962712505,7.3720733057005035,76.54197729522335,low,Sunday,Spaced Repetition
General,high,Revision,Low,Afternoon,2.7673256034126847,0.9158984685451603,7.731017306172603,2.1804027088812927,43.83136595376903,high,Thursday,Pomodoro
Artificial Intelligence,high,Concept Learning,Medium,Afternoon,5.879237566421044,0.14706185056658838,7.463553591577219,7.390143347533416,95.06440709146983,low,Thursday,Deep Work
General,low,Revision,Medium,Morning,3.642836981566665,1.3176233783044862,9.737641509999584,7.559727407591353,85.20639734394172,low,Sunday,Spaced Repetition
Artificial Intelligence,low,Revision,Medium,Afternoon,2.2831657440446977,1.1603882523958253,9.522987009141854,,79.91687585059987,medium,Saturday,Spaced Repetition
Chemistry,medium,Exam Preparation,High,Afternoon,5.809056058133489,1.0330552900947112,9.078860946690401,6.628821333467983,68.88141850900102,low,Saturday,Spaced Repetition
Artificial Intelligence,medium,Exam Preparation,High,Afternoon,9.829196145406303,0.33134700710305076,7.446123174336248,7.588293138215179,88.32340213227305,low,Monday,Deep Work
Software Engineering,high,Concept Learning,High,Night,5.309559236162377,0.9894317657796315,7.723310267616617,7.4136558080680315,90.66287622434096,medium,Sunday,Deep Work
Algorithms,high,Exam Preparation,Low,Afternoon,1.6738468355315557,1.05825053575627,6.296230648832588,3.7576199587778087,61.45288538730839,medium,Thursday,Pomodoro
Software Engineering,high,Revision,Low,Night,1.5564187287301674,1.0759458348795885,7.7977697282757585,2.280118822989884,40.33199017699743,high,Monday,Pomodoro
Web Development,low,Concept Learning,High,Afternoon,8.28431634026876,0.0913914863317764,6.597811009400402,9.632410139963445,92.16169452179699,low,Sunday,Deep Work
Mathematics,medium,Exam Preparation,High,Morning,5.707373810577385,0.8182066687482475,7.594798393813292,9.63958803208348,87.24338662793245,low,Wednesday,Deep Work
Cloud Computing,high,Exam Preparation,Low,Afternoon,2.7605233540626375,1.6181592112764949,6.294978638689038,2.510321211182255,49.93215670295535,high,Tuesday,Pomodoro
Algorithms,medium,Revision,High,Night,2.6057820877414293,0.9327714843418189,8.989199560403824,5.241846215508805,93.18705767075497,medium,Sunday,Spaced Repetition
Operating Systems,medium,Revision,Low,Morning,1.9285828488589831,1.720692529560423,7.054193517661638,2.650467757379565,71.88245145728449,medium,Tuesday,Pomodoro
Machine Learning,high,Revision,Low,Morning,2.420415312341697,0.7598028048650227,6.301554947713919,3.5940189375894938,61.55475343182758,high,Tuesday,Pomodoro
Cyber Security,medium,Revision,Medium,Morning,2.236423283502618,1.1907263151132632,9.321965555641441,5.140918973294419,92.84155250686544,low,Sunday,Spaced Repetition
Machine Learning,high,Concept Learning,High,Morning,5.149557674408955,0.9182390866754371,6.305411048848611,,76.62558348889027,low,Tuesday,Deep Work
Data Structures,high,Concept Learning,High,Afternoon,8.114203257601863,0.9102130348677566,7.917096476744763,9.860605293554526,96.44846919633993,low,Monday,Deep Work
Web Development,medium,Exam Preparation,High,Afternoon,5.042569558814463,0.7120140203307808,8.477934638124246,,77.19622338267834,low,Monday,Deep Work
Algorithms,high,Revision,Low,Afternoon,1.9237898247735727,1.55702114410497,5.605560356368845,4.693729733299669,73.94692161375445,high,Friday,Pomodoro
Cloud Computing,high,Revision,Low,Afternoon,3.581213854935026,0.8753770407737961,5.11650420328827,,58.79788495188294,high,Friday,Pomodoro
DBMS,low,Revision,High,Night,2.290662350324627,0.6990934199359257,8.369555868582616,6.860704546883362,81.34403255828295,medium,Saturday,Spaced Repetition
Physics,low,Revision,High,Night,5.496054685234863,0.7207125859444187,7.896120092974765,5.186615274577073,89.6810876515162,medium,Sunday,Spaced Repetition
Operating Systems,high,Exam Preparation,High,Afternoon,7.74043574895664,0.5693773611822828,7.861981439473752,,81.85413229792955,low,Monday,Deep Work
DBMS,low,Revision,High,Afternoon,3.3297067686974606,0.8155331806631355,7.766559047341495,6.100394961938806,67.98484006618894,medium,Friday,Spaced Repetition
Chemistry,high,Concept Learning,Medium,Morning,6.888000259213989,0.8976746726779566,8.023046937070408,,99.8494410797528,low,Sunday,Deep Work
Machine Learning,medium,Concept Learning,High,Night,8.817107253973276,0.24651990563798298,8.92809809580061,8.03445282323851,80.11932862453682,low,Monday,Deep Work
DBMS,medium,Concept Learning,High,Morning,8.03233623251352,0.5835569673248185,7.577268658677404,7.748573100514746,70.06055553244701,low,Wednesday,Deep Work
Algorithms,low,Revision,Medium,Night,3.324585956656599,1.265971574855179,8.534196697463152,6.958918765723817,82.3885729168441,medium,Saturday,Spaced Repetition
Physics,medium,Concept Learning,High,Night,8.373635200630943,0.7798208840100681,6.354655866873266,7.000092156536147,91.36411137641815,low,Wednesday,Deep Work
Artificial Intelligence,medium,Revision,Medium,Morning,5.061265198101545,1.4294034838491538,8.012006022640524,7.393994105657672,87.1563816019089,low,Saturday,Spaced Repetition
Artificial Intelligence,high,Revision,Low,Morning,1.951587150296196,1.8033509383108566,6.12701675564518,3.187477098241123,62.71761305780376,high,Monday,Pomodoro
Algorithms,high,Exam Preparation,Medium,Morning,3.8010754712796238,0.5113015447011121,5.675998393137585,3.4614272786962306,57.07334302830583,medium,Monday,Pomodoro
Cloud Computing,low,Revision,Medium,Morning,5.4905035419435855,0.587109289461434,8.718461104180108,7.074248172539456,72.85253300403447,low,Sunday,Spaced Repetition
General,high,Revision,Medium,Night,2.239093523943091,0.6036991792799291,6.31149616645048,2.3895735702142087,54.175727967811255,high,Monday,Pomodoro
DBMS,medium,Exam Preparation,Medium,Morning,3.8198275189109485,1.2534756054464806,7.8311766408548165,6.6407465413793725,81.38742800392552,medium,Saturday,Spaced Repetition
DBMS,medium,Revision,High,Afternoon,5.58222296349554,1.4666222208961075,8.60859775709011,5.962991136922693,80.78282039754626,medium,Saturday,Spaced Repetition
General,medium,Exam Preparation,Low,Afternoon,1.8399372809808525,1.6542393997879055,5.56113124567257,3.2947169456169747,54.89027535157459,high,Monday,Pomodoro
Artificial Intelligence,high,Concept Learning,Low,Afternoon,1.4346846162736693,1.2341791404163445,7.956951362331802,2.9682210860460017,63.52474415920575,medium,Wednesday,Pomodoro
Cyber Security,high,Concept Learning,Low,Afternoon,3.604170070322351,1.7088881001764318,7.370091308921184,3.218716556392163,42.832174906793824,high,Tuesday,Pomodoro
Software Engineering,medium,Revision,Low,Night,2.6377473104949667,1.558747225818042,7.905955831922405,4.752120040700156,69.29373559830809,medium,Friday,Pomodoro
DBMS,medium,Revision,High,Afternoon,5.007083150731912,1.4062335194351387,9.358587934890487,6.598481112204183,90.82003465366655,medium,Saturday,Spaced Repetition
Software Engineering,high,Concept Learning,High,Night,8.74312306163004,0.1411075940213511,7.636746365376199,7.31677463792992,71.35883930839232,low,Wednesday,Deep Work
Cloud Computing,medium,Concept Learning,Low,Night,1.1879596103660637,1.8596561800166165,5.4177361133527855,4.129682729100868,54.38834609102473,high,Tuesday,Pomodoro
General,high,Concept Learning,High,Morning,6.367456453585879,0.42182817853883137,7.233063225796638,9.722833007669664,91.4209793340057,low,Monday,Deep Work
Data Structures,high,Concept Learning,Low,Night,2.210448598637191,0.701022842675961,5.086348028940017,5.0205490226944764,61.710834297371264,medium,Wednesday,Pomodoro
Cloud Computing,high,Concept Learning,High,Night,4.702070349147677,0.7997179136187196,6.369697727148974,9.095591875627411,82.4843610292182,low,Friday,Deep Work
General,medium,Concept Learning,High,Night,7.229991659534281,0.2688535143821935,7.105346759749737,9.686038267459509,89.99389142580507,low,Friday,Deep Work
Machine Learning,high,Exam Preparation,Medium,Morning,9.4664122166043,0.8382653595457049,8.128148901262172,9.846537867493392,70.9426546453382,low,Saturday,Deep Work
Cyber Security,medium,Revision,Medium,Afternoon,4.618901393993772,0.9112040672118541,9.158406335036704,5.35466723621738,77.04492831694628,low,Saturday,Spaced Repetition
Cloud Computing,low,Revision,High,Night,2.4875180071255345,0.5182750697235062,9.760338381445477,5.2059459984436165,94.75667587842474,medium,Saturday,Spaced Repetition
Algorithms,medium,Revision,Medium,Morning,5.784747575965045,1.0797714417624795,8.850543166946547,5.150968798803992,66.88722428054072,medium,Sunday,Spaced Repetition
Chemistry,high,Exam Preparation,High,Morning,6.516687963743881,0.7803655030068817,7.429007199903296,8.492619556438306,76.14040327171853,low,Monday,Deep Work
DBMS,high,Concept Learning,High,Night,7.725571404870587,0.3523749466096544,8.52434265925428,8.413861502194493,99.37314814045463,low,Thursday,Deep Work
Software Engineering,high,Concept Learning,Low,Night,1.6866838145398408,0.8489683078440216,5.662407889356917,2.695010382649178,62.950328539657974,medium,Tuesday,Pomodoro
Software Engineering,low,Revision,High,Night,5.877287249136716,0.8778392137271867,7.655091909071954,6.0179158019287025,80.17794962958675,medium,Saturday,Spaced Repetition
Web Development,medium,Revision,High,Morning,2.8239201435078467,0.5009434152676311,7.59816262912165,7.931851469530788,72.27061085410287,low,Saturday,Spaced Repetition
Cloud Computing,medium,Revision,Medium,Morning,2.6525721118274177,0.6304801398671152,6.225359639212096,3.490754068049256,49.09138243161142,medium,Tuesday,Pomodoro
Web Development,low,Concept Learning,High,Afternoon,7.487172542325739,0.25363555551403827,8.26900280874866,7.245001827580289,97.72861212383984,low,Wednesday,Deep Work
Artificial Intelligence,high,Revision,Low,Morning,2.8524445288831495,1.4174797407324213,5.021198915659152,2.092249700165663,58.36711310904362,high,Thursday,Pomodoro
Chemistry,low,Revision,Medium,Night,3.2628845190819544,1.291362919122886,9.201401665347095,5.8986689588446914,78.7323145149864,low,Friday,Spaced Repetition
Mathematics,medium,Revision,Low,Morning,2.8749279611531566,1.066588921160254,7.5096944398769985,4.349814416936297,50.29156377273401,medium,Tuesday,Pomodoro
DBMS,high,Exam Preparation,Medium,Morning,4.252148051028431,0.7399041207669304,8.754229656597452,7.8401119886514685,95.75025030397363,low,Wednesday,Deep Work
Operating Systems,high,Revision,Low,Morning,2.3747586714745497,1.3184251839739023,7.824394426329576,,73.641669733837,medium,Thursday,Pomodoro
Mathematics,medium,Exam Preparation,Medium,Morning,4.881826965851024,0.781825003295472,7.960753492375248,5.1180856394591885,65.65540135958605,low,Saturday,Spaced Repetition
Data Structures,low,Revision,High,Morning,2.24371488688288,1.194017414105742,7.95687791496859,5.95713522299672,77.46542189186198,low,Saturday,Spaced Repetition
Software Engineering,medium,Revision,Medium,Afternoon,2.9944195384532253,1.0383949792869576,9.980339098696458,7.572591823255771,67.92100681373664,low,Sunday,Spaced Repetition
Cloud Computing,high,Concept Learning,High,Night,6.277700586710021,0.31658675990865115,6.857098782134294,7.274122314581228,79.44477488054946,low,Friday,Deep Work
Web Development,high,Exam Preparation,Low,Night,3.52458898093013,1.7696117739718358,7.865708938170437,2.618688563532945,61.816639281674675,high,Monday,Pomodoro
Artificial Intelligence,high,Concept Learning,Medium,Afternoon,9.125564733984014,0.49076500671236045,7.219670351424313,9.709572336503287,88.11552947620834,low,Sunday,Deep Work
Physics,high,Concept Learning,High,Afternoon,7.306959771498232,0.4381786132483445,8.517541184940896,7.4820387541355355,70.74914986351149,low,Monday,Deep Work
Chemistry,high,Concept Learning,High,Morning,5.315643771543254,0.03366917821387272,6.6438842197764085,8.248364284213277,92.7883428609939,low,Sunday,Deep Work
Operating Systems,high,Concept Learning,Low,Afternoon,3.088912818519365,1.568405884886663,5.444260789860199,5.990961940195767,49.337335499634975,medium,Thursday,Pomodoro
Chemistry,high,Concept Learning,High,Night,5.112236674495069,0.599771314970498,8.584541121680681,9.605918919470277,91.73033218988618,low,Monday,Deep Work
DBMS,medium,Concept Learning,High,Afternoon,6.387305053342138,0.8059789008675837,7.776050528367189,7.497703073112358,70.74052471673754,low,Saturday,Deep Work
Artificial Intelligence,high,Concept Learning,High,Night,7.978283150820534,0.7418963269587151,8.545276137271575,8.267887591040827,79.08792716921288,low,Monday,Deep Work
Cloud Computing,high,Concept Learning,Low,Afternoon,1.1152790468869749,1.8526429882031352,6.384432393874203,4.548805907233122,63.07738727720239,medium,Monday,Pomodoro
Web Development,medium,Exam Preparation,High,Night,2.808323744346083,0.6100737601810572,8.458469659079997,7.5114858925850765,90.95883677603074,low,Sunday,Spaced Repetition
Machine Learning,medium,Revision,High,Morning,3.5422142576052553,1.0066857908540028,9.640002687232883,7.249861045407224,89.15350553948534,medium,Saturday,Spaced Repetition
Chemistry,medium,Revision,High,Night,2.9347617953014544,1.1392018293899597,8.089206336439712,7.1409808493364615,91.21034103682246,low,Saturday,Spaced Repetition
Chemistry,low,Revision,High,Afternoon,3.544203742607343,1.4667061400184607,9.242915635725875,5.2496691986242165,90.88878869939055,low,Sunday,Spaced Repetition
General,high,Concept Learning,High,Afternoon,6.408673785479162,0.15862414452637796,8.645976509164907,9.471334270303496,91.65164658151538,low,Monday,Deep Work
General,medium,Revision,Medium,Night,5.944707189134779,1.3208490092631289,8.203693256127298,,66.69876672132673,medium,Sunday,Spaced Repetition
Software Engineering,high,Concept Learning,Low,Morning,3.841107963216169,1.9510342666824128,5.549046332704181,2.0881406411900167,65.20028138820896,high,Monday,Pomodoro
Cloud Computing,low,Revision,Medium,Morning,3.583110718641723,1.113151911103018,9.514005546925596,5.899006051524473,93.86306312495083,low,Sunday,Spaced Repetition
Data Structures,medium,Revision,High,Night,5.549698141481441,1.3939335106699904,8.339540911603837,6.845209262044094,92.80722686437592,medium,Friday,Spaced Repetition
Chemistry,high,Concept Learning,Low,Night,1.553563058069132,0.8140239850050655,6.111416308374146,3.9380919407640853,61.63891700356036,high,Tuesday,Pomodoro
Cyber Security,medium,Exam Preparation,High,Afternoon,4.538976564416118,0.6864198048539746,9.373423591612392,6.637087906439078,71.12193165639802,low,Sunday,Spaced Repetition
Artificial Intelligence,low,Revision,High,Morning,5.861794538402485,1.415814348190744,8.757188800163963,7.385330847580174,69.07237559299703,low,Saturday,Spaced Repetition
Data Structures,medium,Concept Learning,High,Morning,9.78099544532553,0.5190322801295487,8.03262680237686,7.935591573750649,93.21974134458287,low,Thursday,Deep Work
Physics,high,Revision,Low,Afternoon,2.7696125426816316,1.9683392874125136,6.460226458878365,5.624395150874216,55.203802792865005,high,Monday,Pomodoro
Chemistry,medium,Exam Preparation,High,Morning,4.087769553266054,0.2072422997688783,8.13970760425001,8.159860517901503,89.87451840824825,low,Saturday,Deep Work
Data Structures,low,Exam Preparation,High,Night,5.4157715285674115,0.513228812905294,8.779451141423701,7.308327738264671,93.0438655247835,low,Saturday,Spaced Repetition
Algorithms,high,Revision,Low,Afternoon,1.1733416829891,1.5425528432878297,7.951036775790241,2.9567204168637025,44.978727904051865,high,Wednesday,Pomodoro
Cloud Computing,high,Exam Preparation,Medium,Morning,8.250938184956784,0.17208922929525938,8.91725999712031,8.346440937239818,74.77075011220784,low,Sunday,Deep Work
Data Structures,high,Concept Learning,Medium,Morning,3.007067011987325,1.193443341500911,6.235296624753525,4.603893868603817,59.09011542924169,high,Thursday,Pomodoro
Physics,medium,Concept Learning,High,Morning,7.9134121187946445,0.25108010366516775,7.951275746471593,7.637001922860674,73.66022240730668,low,Wednesday,Deep Work
Machine Learning,medium,Revision,Medium,Afternoon,4.171992530421077,0.8738081088670024,9.063324899260582,5.037023138181122,69.28882632802257,medium,Saturday,Spaced Repetition
Artificial Intelligence,medium,Revision,High,Afternoon,2.224897179403889,0.9856342984133404,9.782002001019654,6.831089023454471,81.39221222636397,low,Saturday,Spaced Repetition
Cyber Security,high,Exam Preparation,High,Morning,8.635097716476423,0.7024883415884688,7.845760959847242,9.281272935047415,85.38766494324297,low,Friday,Deep Work
Artificial Intelligence,low,Concept Learning,High,Morning,9.245024092942156,0.2034364751360912,6.382159248001018,7.8565263403555345,85.9473219032498,low,Wednesday,Deep Work
Software Engineering,high,Exam Preparation,Medium,Afternoon,1.5092737152626223,1.2796609228340265,6.011009529293859,5.315533463530437,55.08106332816321,high,Wednesday,Pomodoro
Chemistry,high,Concept Learning,Low,Night,2.1948621519269067,0.6375490026671452,6.009111391485266,4.090076766538092,65.62951325146258,high,Friday,Pomodoro
Cloud Computing,low,Concept Learning,High,Afternoon,4.460844646415688,0.2349942775346916,8.490452948993754,9.844754613370238,79.13807067322571,low,Saturday,Deep Work
Web Development,high,Concept Learning,Low,Afternoon,2.9351625033079882,1.1325559018299227,5.396828633375991,5.602289204945542,64.1927650163379,high,Tuesday,Pomodoro
Artificial Intelligence,low,Revision,Medium,Morning,2.2821425503718262,1.4094295036858764,7.975321915796764,7.463750463679113,81.33892613321407,low,Saturday,Spaced Repetition
Cyber Security,low,Concept Learning,High,Night,9.084327583428243,0.06239406859827723,7.005837150234887,7.20104961325363,99.26029400437211,medium,Tuesday,Deep Work
Chemistry,low,Concept Learning,Medium,Afternoon,8.999902428838075,0.843924612611724,6.854724064592882,8.388555865047552,83.15615465612306,low,Tuesday,Deep Work
Physics,medium,Revision,High,Night,5.037243420600821,1.2126656189865446,7.982900021021082,6.413924823722363,79.17546328458755,low,Saturday,Spaced Repetition
Algorithms,medium,Revision,Low,Morning,3.8546499230659808,0.686329950092089,7.688663908055115,4.379106549507744,61.58116036518659,high,Monday,Pomodoro
Algorithms,high,Concept Learning,Low,Morning,1.0542260908465626,1.240840572775152,5.536468127663986,3.4658751383314397,66.04596830697969,medium,Monday,Pomodoro
General,medium,Concept Learning,Low,Morning,3.120941383730377,1.6678579085761265,5.429383956645409,2.818178372677853,64.9922428778265,high,Tuesday,Pomodoro
Algorithms,high,Concept Learning,Medium,Morning,3.553620742146306,1.2427197905209615,6.4417597319799444,4.36963113863807,68.86383380738022,high,Tuesday,Pomodoro
DBMS,high,Concept Learning,High,Night,4.414045555676898,0.9407845205031079,7.520761313885504,8.228236215451055,94.32635743023755,medium,Friday,Deep Work
Cloud Computing,medium,Revision,High,Night,4.481485008494884,1.3037552360117628,7.709312344613371,6.157818532810782,76.21841403437202,low,Sunday,Spaced Repetition
Operating Systems,high,Concept Learning,Low,Morning,3.4919275532518737,0.680508143052494,5.140836071443439,3.5363624459649983,41.28561780993148,medium,Friday,Pomodoro
